日期,时间,代码,名称,开盘,最高,最低,收盘,总手,金额,涨幅,涨幅比
2015-08-17,15:00,sz000995,皇台酒业,13.01,13.01,13.01,13.01,7611,9901937.0,0.62,5.004035512510089
2015-08-18,15:00,sz000995,皇台酒业,13.66,13.66,13.66,13.66,3727,5091136.5,0.65,4.996156802459646
2015-08-19,15:00,sz000995,皇台酒业,14.34,14.34,14.34,14.34,13187,18911148.0,0.68,4.978038067349927
2015-08-20,15:00,sz000995,皇台酒业,15.06,15.06,13.7,13.95,289475,420384352.0,-0.39,-2.7196652719665275
2015-08-21,15:00,sz000995,皇台酒业,13.27,13.55,13.25,13.25,99041,131511912.0,-0.7,-5.017921146953405
2015-08-24,15:00,sz000995,皇台酒业,12.59,12.6,12.59,12.59,15737,19812932.0,-0.66,-4.981132075471698
2015-08-25,15:00,sz000995,皇台酒业,11.96,11.96,11.96,11.96,784,937664.0,-0.63,-5.003971405877681
2015-08-26,15:00,sz000995,皇台酒业,11.36,11.36,11.36,11.36,3514,3991904.0,-0.6,-5.016722408026756
2015-08-27,15:00,sz000995,皇台酒业,10.79,10.79,10.79,10.79,4220,4553380.0,-0.57,-5.017605633802817
2015-08-28,15:00,sz000995,皇台酒业,10.25,11.3,10.25,11.19,296973,307309664.0,0.4,3.707136237256719
2015-08-31,15:00,sz000995,皇台酒业,10.68,10.68,10.63,10.63,20907,22253124.0,-0.56,-5.004468275245755
2015-09-01,15:00,sz000995,皇台酒业,10.1,10.1,10.1,10.1,18415,18599150.0,-0.53,-4.985888993414863
2015-09-02,15:00,sz000995,皇台酒业,9.6,9.6,9.6,9.6,32760,31449600.0,-0.5,-4.950495049504951
2015-09-07,15:00,sz000995,皇台酒业,9.12,9.49,9.12,9.12,111764,102145824.0,-0.48,-5.0
2015-09-08,15:00,sz000995,皇台酒业,8.95,9.24,8.66,8.8,117166,103570680.0,-0.32,-3.508771929824561
2015-09-09,15:00,sz000995,皇台酒业,9.01,9.24,9.01,9.24,33797,31120558.0,0.44,5.0
2015-09-10,15:00,sz000995,皇台酒业,9.7,9.7,9.7,9.7,16764,16261138.0,0.46,4.978354978354979
2015-09-11,15:00,sz000995,皇台酒业,9.69,9.69,9.22,9.26,115981,108391800.0,-0.44,-4.536082474226804
2015-09-14,15:00,sz000995,皇台酒业,9.29,9.36,8.8,8.8,72187,65255788.0,-0.46,-4.967602591792657
2015-09-15,15:00,sz000995,皇台酒业,8.36,8.45,8.36,8.36,48303,40416352.0,-0.44,-5.0
2015-09-16,15:00,sz000995,皇台酒业,8.2,8.78,7.96,8.62,83627,69446296.0,0.26,3.110047846889952
2015-09-17,15:00,sz000995,皇台酒业,8.5,8.56,8.19,8.19,83475,69686984.0,-0.43,-4.988399071925754
2015-09-18,15:00,sz000995,皇台酒业,8.11,8.49,7.91,8.39,62115,51313900.0,0.2,2.442002442002442
2015-09-21,15:00,sz000995,皇台酒业,8.23,8.74,8.18,8.64,51283,43364240.0,0.25,2.9797377830750893
2015-09-22,15:00,sz000995,皇台酒业,8.61,8.95,8.58,8.72,49669,43633008.0,0.08,0.9259259259259258
2015-09-23,15:00,sz000995,皇台酒业,8.59,8.77,8.46,8.61,31312,27020222.0,-0.11,-1.261467889908257
2015-09-24,15:00,sz000995,皇台酒业,8.64,8.8,8.62,8.77,29941,26132136.0,0.16,1.858304297328688
2015-09-25,15:00,sz000995,皇台酒业,8.8,9.07,8.46,8.56,38310,33587088.0,-0.21,-2.394526795895097
2015-09-28,15:00,sz000995,皇台酒业,8.5,8.75,8.5,8.72,24284,20990814.0,0.16,1.8691588785046729
2015-09-29,15:00,sz000995,皇台酒业,8.63,8.86,8.53,8.73,23431,20434684.0,0.01,0.1146788990825688
2015-09-30,15:00,sz000995,皇台酒业,8.75,8.88,8.7,8.83,19477,17148820.0,0.1,1.145475372279496
2015-10-08,15:00,sz000995,皇台酒业,9.05,9.2,9.0,9.04,43131,39090644.0,0.21,2.378255945639864
2015-10-09,15:00,sz000995,皇台酒业,9.0,9.18,9.0,9.17,39379,35885616.0,0.13,1.4380530973451326
2015-10-12,15:00,sz000995,皇台酒业,9.19,9.63,9.13,9.63,32530,30990258.0,0.46,5.0163576881134135
2015-10-13,15:00,sz000995,皇台酒业,9.72,10.07,9.63,9.92,79700,78596240.0,0.29,3.011422637590862
2015-10-14,15:00,sz000995,皇台酒业,9.95,10.0,9.53,9.57,56704,55622520.0,-0.35,-3.528225806451613
2015-10-15,15:00,sz000995,皇台酒业,9.7,10.05,9.65,10.05,72870,72274832.0,0.48,5.015673981191222
2015-10-16,15:00,sz000995,皇台酒业,10.15,10.55,10.05,10.55,78821,80776104.0,0.5,4.975124378109453
2015-10-21,15:00,sz000995,皇台酒业,10.55,10.55,10.02,10.02,69971,71408704.0,-0.53,-5.023696682464455
2015-10-22,15:00,sz000995,皇台酒业,9.7,9.77,9.52,9.76,91693,87925184.0,-0.26,-2.5948103792415167
2015-10-23,15:00,sz000995,皇台酒业,9.71,10.08,9.5,10.04,59093,57775548.0,0.28,2.8688524590163933
2015-10-26,15:00,sz000995,皇台酒业,10.04,10.33,9.9,10.06,82088,82721872.0,0.02,0.199203187250996
2015-10-27,15:00,sz000995,皇台酒业,10.0,10.5,9.92,10.5,59701,60785508.0,0.44,4.3737574552683895
2015-10-28,15:00,sz000995,皇台酒业,10.65,11.03,10.51,10.64,94419,102208608.0,0.14,1.3333333333333337
2015-10-29,15:00,sz000995,皇台酒业,10.71,11.17,10.65,11.05,89801,99129368.0,0.41,3.853383458646616
2015-10-30,15:00,sz000995,皇台酒业,11.06,11.14,10.85,10.97,56823,62381424.0,-0.08,-0.7239819004524887
2015-11-02,15:00,sz000995,皇台酒业,10.8,11.1,10.62,10.99,45766,49983284.0,0.02,0.1823154056517775
2015-11-03,15:00,sz000995,皇台酒业,11.08,11.18,10.8,10.89,38111,41866728.0,-0.1,-0.9099181073703366
2015-11-04,15:00,sz000995,皇台酒业,10.99,11.39,10.91,11.37,68033,75956936.0,0.48,4.40771349862259
2015-11-05,15:00,sz000995,皇台酒业,11.31,11.92,11.28,11.78,76051,88894512.0,0.41,3.605980650835532
2015-11-06,15:00,sz000995,皇台酒业,11.65,11.88,11.6,11.75,90501,106201256.0,-0.03,-0.2546689303904924
2015-11-09,15:00,sz000995,皇台酒业,11.69,11.92,11.53,11.67,72595,85158768.0,-0.08,-0.6808510638297872
2015-11-10,15:00,sz000995,皇台酒业,11.57,11.83,11.32,11.7,89019,104084392.0,0.03,0.2570694087403599
2015-11-11,15:00,sz000995,皇台酒业,11.77,12.0,11.6,11.96,63552,75259072.0,0.26,2.2222222222222223
2015-11-12,15:00,sz000995,皇台酒业,11.99,12.15,11.78,12.08,74955,89503856.0,0.12,1.0033444816053512
2015-11-13,15:00,sz000995,皇台酒业,11.92,12.07,11.75,11.82,56486,67089244.0,-0.26,-2.152317880794702
2015-11-16,15:00,sz000995,皇台酒业,11.67,12.03,11.6,11.97,43014,51031404.0,0.15,1.269035532994924
2015-11-17,15:00,sz000995,皇台酒业,12.06,12.38,11.89,11.89,69391,84121128.0,-0.08,-0.6683375104427736
2015-11-18,15:00,sz000995,皇台酒业,11.86,11.98,11.78,11.8,47262,56018240.0,-0.09,-0.7569386038687973
2015-11-19,15:00,sz000995,皇台酒业,11.82,11.95,11.74,11.93,34194,40576448.0,0.13,1.1016949152542372
2015-11-20,15:00,sz000995,皇台酒业,11.94,12.17,11.91,12.1,40045,48358612.0,0.17,1.4249790444258172
2015-11-23,15:00,sz000995,皇台酒业,11.99,12.71,11.99,12.53,94147,118315384.0,0.43,3.553719008264463
2015-11-24,15:00,sz000995,皇台酒业,12.5,12.61,12.19,12.4,37942,46783232.0,-0.13,-1.0375099760574622
2015-11-25,15:00,sz000995,皇台酒业,12.43,12.67,12.32,12.59,27557,34564780.0,0.19,1.532258064516129
2015-11-26,15:00,sz000995,皇台酒业,12.6,13.21,12.53,13.0,35307,45926200.0,0.41,3.256552819698173
2015-11-27,15:00,sz000995,皇台酒业,13.0,13.43,12.35,12.59,51909,67112520.0,-0.41,-3.1538461538461537
2015-11-30,15:00,sz000995,皇台酒业,12.49,13.0,11.97,12.52,47834,59912016.0,-0.07,-0.5559968228752978
2015-12-01,15:00,sz000995,皇台酒业,12.52,12.79,12.39,12.71,26693,33736348.0,0.19,1.5175718849840254
2015-12-02,15:00,sz000995,皇台酒业,12.75,13.3,12.71,13.04,41579,54055704.0,0.33,2.5963808025177024
2015-12-03,15:00,sz000995,皇台酒业,13.0,13.37,12.98,13.32,37304,49431884.0,0.28,2.147239263803681
2015-12-04,15:00,sz000995,皇台酒业,13.37,13.99,13.26,13.99,68592,94853952.0,0.67,5.03003003003003
2015-12-07,15:00,sz000995,皇台酒业,14.18,14.33,13.83,14.05,52389,73737504.0,0.06,0.4288777698355968
2015-12-08,15:00,sz000995,皇台酒业,14.1,14.1,13.62,13.85,37760,52159916.0,-0.2,-1.4234875444839856
2015-12-09,15:00,sz000995,皇台酒业,13.75,13.99,13.63,13.86,28175,38955528.0,0.01,0.0722021660649819
2015-12-10,15:00,sz000995,皇台酒业,13.8,13.82,13.62,13.69,24136,33141628.0,-0.17,-1.2265512265512266
2015-12-11,15:00,sz000995,皇台酒业,13.7,13.7,13.01,13.21,51647,68327184.0,-0.48,-3.506208911614317
2015-12-14,15:00,sz000995,皇台酒业,12.98,13.22,12.82,13.18,25934,33838348.0,-0.03,-0.2271006813020439
2015-12-15,15:00,sz000995,皇台酒业,13.18,13.48,13.13,13.41,23165,30992872.0,0.23,1.7450682852807284
2015-12-16,15:00,sz000995,皇台酒业,13.43,13.68,13.35,13.59,32264,43657752.0,0.18,1.342281879194631
2015-12-17,15:00,sz000995,皇台酒业,13.65,13.88,13.53,13.84,37293,51134208.0,0.25,1.839587932303164
2015-12-18,15:00,sz000995,皇台酒业,13.85,14.16,13.56,13.89,41185,56840528.0,0.05,0.361271676300578
2015-12-21,15:00,sz000995,皇台酒业,14.0,14.27,13.92,14.18,42453,59878904.0,0.29,2.087832973362131
2015-12-22,15:00,sz000995,皇台酒业,14.09,14.15,13.78,13.92,37655,52540568.0,-0.26,-1.833568406205924
2015-12-23,15:00,sz000995,皇台酒业,14.13,14.2,13.8,13.82,30193,42120680.0,-0.1,-0.7183908045977011
2015-12-24,15:00,sz000995,皇台酒业,13.82,14.02,13.5,13.95,22143,30551738.0,0.13,0.9406657018813316
2015-12-25,15:00,sz000995,皇台酒业,13.99,14.15,13.85,14.02,32707,45872824.0,0.07,0.5017921146953405
2015-12-28,15:00,sz000995,皇台酒业,14.1,14.37,13.86,13.9,40118,56420964.0,-0.12,-0.8559201141226819
2015-12-29,15:00,sz000995,皇台酒业,13.84,14.12,13.74,14.04,21911,30383522.0,0.14,1.0071942446043165
2015-12-30,15:00,sz000995,皇台酒业,14.08,14.19,13.88,14.05,28923,40668776.0,0.01,0.0712250712250712
2015-12-31,15:00,sz000995,皇台酒业,14.09,14.46,13.96,14.08,38289,54518688.0,0.03,0.2135231316725978
2016-01-04,15:00,sz000995,皇台酒业,14.1,14.38,13.38,13.38,49376,67473600.0,-0.7,-4.971590909090909
2016-01-05,15:00,sz000995,皇台酒业,12.71,13.19,12.71,12.76,44721,57388504.0,-0.62,-4.633781763826607
2016-01-06,15:00,sz000995,皇台酒业,12.89,13.09,12.5,12.98,31347,40286396.0,0.22,1.7241379310344829
2016-01-07,15:00,sz000995,皇台酒业,12.7,12.8,12.33,12.33,5514,6888754.0,-0.65,-5.007704160246533
2016-01-08,15:00,sz000995,皇台酒业,12.28,12.28,11.71,11.71,45722,54180884.0,-0.62,-5.02838605028386
2016-01-11,15:00,sz000995,皇台酒业,11.5,11.5,11.12,11.12,48816,54353012.0,-0.59,-5.038428693424423
2016-01-12,15:00,sz000995,皇台酒业,10.8,10.86,10.56,10.56,30749,32611754.0,-0.56,-5.035971223021583
2016-01-13,15:00,sz000995,皇台酒业,10.57,10.8,10.1,10.12,23972,25336234.0,-0.44,-4.166666666666666
2016-01-14,15:00,sz000995,皇台酒业,9.68,10.62,9.61,10.53,19094,19204436.0,0.41,4.051383399209486
2016-01-15,15:00,sz000995,皇台酒业,10.53,10.79,10.15,10.3,19769,20835816.0,-0.23,-2.184235517568851
2016-01-18,15:00,sz000995,皇台酒业,9.99,10.3,9.8,10.16,36865,37001608.0,-0.14,-1.3592233009708738
2016-01-19,15:00,sz000995,皇台酒业,10.1,10.6,10.05,10.6,27791,28668420.0,0.44,4.330708661417323
2016-01-20,15:00,sz000995,皇台酒业,10.54,11.13,10.41,11.13,39246,43280168.0,0.53,5.0
2016-01-21,15:00,sz000995,皇台酒业,10.95,11.69,10.86,11.31,49415,56538908.0,0.18,1.6172506738544474
2016-03-15,15:00,sz000995,皇台酒业,10.78,11.8,10.78,11.2,128228,142929808.0,-0.11,-0.9725906277630416
2016-03-16,15:00,sz000995,皇台酒业,11.76,11.76,11.44,11.46,126093,147582160.0,0.26,2.321428571428572
2016-03-17,15:00,sz000995,皇台酒业,11.33,11.98,11.33,11.75,74285,87083848.0,0.29,2.530541012216405
2016-03-18,15:00,sz000995,皇台酒业,11.75,12.34,11.73,12.34,85388,103712368.0,0.59,5.0212765957446805
2016-03-21,15:00,sz000995,皇台酒业,12.8,12.96,12.52,12.95,90949,116658352.0,0.61,4.943273905996758
2016-03-22,15:00,sz000995,皇台酒业,12.69,13.0,12.6,12.82,39213,50230060.0,-0.13,-1.003861003861004
2016-03-23,15:00,sz000995,皇台酒业,12.82,13.26,12.75,13.17,35286,45551000.0,0.35,2.730109204368175
2016-03-24,15:00,sz000995,皇台酒业,13.23,13.4,12.82,13.06,36629,48193896.0,-0.11,-0.8352315869400152
2016-03-25,15:00,sz000995,皇台酒业,12.93,13.71,12.93,13.67,67553,90001264.0,0.61,4.670750382848392
2016-03-28,15:00,sz000995,皇台酒业,13.69,14.01,13.3,13.4,38500,52663028.0,-0.27,-1.9751280175566936
2016-03-29,15:00,sz000995,皇台酒业,13.48,13.85,13.16,13.63,66692,90665448.0,0.23,1.7164179104477613
2016-03-30,15:00,sz000995,皇台酒业,13.64,14.29,13.64,14.0,90465,126847824.0,0.37,2.714600146735143
2016-03-31,15:00,sz000995,皇台酒业,14.0,14.7,13.9,14.7,68677,99082904.0,0.7,5.0
2016-04-01,15:00,sz000995,皇台酒业,14.68,15.15,14.54,14.83,50189,74312408.0,0.13,0.8843537414965987
2016-04-05,15:00,sz000995,皇台酒业,14.87,15.31,14.87,15.11,33697,50940404.0,0.28,1.8880647336480108
2016-04-06,15:00,sz000995,皇台酒业,15.05,15.87,15.01,15.87,48183,75115656.0,0.76,5.029781601588352
2016-04-07,15:00,sz000995,皇台酒业,15.9,16.54,15.78,15.82,54904,88384896.0,-0.05,-0.315059861373661
2016-04-08,15:00,sz000995,皇台酒业,15.73,15.77,15.03,15.35,59341,91073576.0,-0.47,-2.970922882427307
2016-04-11,15:00,sz000995,皇台酒业,15.57,16.12,15.38,16.12,35597,57010176.0,0.77,5.0162866449511405
2016-04-12,15:00,sz000995,皇台酒业,16.78,16.93,16.52,16.75,103352,174007792.0,0.63,3.908188585607941
2016-04-13,15:00,sz000995,皇台酒业,16.53,17.35,16.5,16.52,70375,119488840.0,-0.23,-1.373134328358209
2016-04-14,15:00,sz000995,皇台酒业,16.55,16.87,16.3,16.6,42572,70326576.0,0.08,0.4842615012106537
2016-04-15,15:00,sz000995,皇台酒业,16.54,16.95,16.13,16.31,73378,120504128.0,-0.29,-1.746987951807229
2016-04-18,15:00,sz000995,皇台酒业,16.25,16.68,15.49,15.53,101400,159652400.0,-0.78,-4.782342121397916
2016-04-19,15:00,sz000995,皇台酒业,15.6,16.31,15.45,16.31,60127,95356152.0,0.78,5.022537025112685
2016-04-20,15:00,sz000995,皇台酒业,16.8,17.13,15.49,16.3,123078,202740448.0,-0.01,-0.0613120784794604
2016-04-21,15:00,sz000995,皇台酒业,16.2,16.2,15.49,15.58,48186,75805416.0,-0.72,-4.41717791411043
2016-04-22,15:00,sz000995,皇台酒业,15.4,16.16,15.03,16.09,64595,101823784.0,0.51,3.2734274711168165
2016-04-25,15:00,sz000995,皇台酒业,16.09,16.6,16.0,16.45,50685,83036504.0,0.36,2.237414543194531
2016-04-26,15:00,sz000995,皇台酒业,16.32,17.25,16.32,17.25,71294,121569352.0,0.8,4.86322188449848
2016-04-27,15:00,sz000995,皇台酒业,17.39,17.7,17.2,17.3,45846,80065648.0,0.05,0.2898550724637681
2016-04-28,15:00,sz000995,皇台酒业,17.27,17.35,16.71,16.95,37247,63426592.0,-0.35,-2.023121387283237
2016-04-29,15:00,sz000995,皇台酒业,16.95,17.48,16.81,17.22,27023,46612008.0,0.27,1.592920353982301
2016-05-03,15:00,sz000995,皇台酒业,17.08,17.48,16.88,17.25,41508,71560704.0,0.03,0.1742160278745644
2016-05-04,15:00,sz000995,皇台酒业,17.1,17.3,16.88,17.15,38839,66562828.0,-0.1,-0.5797101449275363
2016-05-05,15:00,sz000995,皇台酒业,17.1,18.01,17.0,18.01,64757,114497480.0,0.86,5.014577259475218
2016-05-06,15:00,sz000995,皇台酒业,18.1,18.68,17.2,17.25,92456,165191536.0,-0.76,-4.21987784564131
2016-05-09,15:00,sz000995,皇台酒业,16.81,17.01,16.5,16.66,65714,110208152.0,-0.59,-3.4202898550724634
2016-05-10,15:00,sz000995,皇台酒业,16.53,17.09,16.0,16.48,35834,59788868.0,-0.18,-1.0804321728691475
2016-05-11,15:00,sz000995,皇台酒业,16.6,16.98,15.66,15.66,35941,57634872.0,-0.82,-4.975728155339806
2016-05-12,15:00,sz000995,皇台酒业,14.88,14.88,14.88,14.88,13133,19541904.0,-0.78,-4.980842911877394
2016-05-13,15:00,sz000995,皇台酒业,14.14,14.85,14.14,14.39,58875,84193024.0,-0.49,-3.293010752688172
2016-05-16,15:00,sz000995,皇台酒业,14.49,15.11,14.26,15.11,44570,65101188.0,0.72,5.003474635163308
2016-05-17,15:00,sz000995,皇台酒业,15.16,15.87,15.15,15.87,32952,52015096.0,0.76,5.029781601588352
2016-05-18,15:00,sz000995,皇台酒业,15.87,16.0,15.08,15.2,44610,68765376.0,-0.67,-4.221802142407057
2016-05-19,15:00,sz000995,皇台酒业,15.42,15.47,14.5,14.71,28934,43502248.0,-0.49,-3.223684210526316
2016-05-20,15:00,sz000995,皇台酒业,13.98,14.38,13.97,14.11,51113,71815200.0,-0.6,-4.078857919782461
2016-05-23,15:00,sz000995,皇台酒业,14.01,14.82,13.75,14.82,50526,73301808.0,0.71,5.031892274982282
2016-05-24,15:00,sz000995,皇台酒业,14.81,15.1,14.7,14.89,29274,43637336.0,0.07,0.4723346828609986
2016-05-25,15:00,sz000995,皇台酒业,15.17,15.63,14.88,15.18,21544,32756032.0,0.29,1.9476158495634652
2016-05-26,15:00,sz000995,皇台酒业,15.18,15.35,14.53,15.15,19275,28747720.0,-0.03,-0.1976284584980237
2016-05-27,15:00,sz000995,皇台酒业,15.14,15.32,14.96,15.24,23024,34828468.0,0.09,0.594059405940594
2016-05-30,15:00,sz000995,皇台酒业,15.06,15.23,14.87,15.05,13766,20724558.0,-0.19,-1.246719160104987
2016-05-31,15:00,sz000995,皇台酒业,15.1,15.68,15.02,15.44,25457,39185408.0,0.39,2.5913621262458477
2016-06-01,15:00,sz000995,皇台酒业,15.3,15.94,15.3,15.72,24069,37682212.0,0.28,1.8134715025906731
2016-06-02,15:00,sz000995,皇台酒业,15.63,15.88,15.63,15.83,14201,22382838.0,0.11,0.6997455470737913
2016-06-03,15:00,sz000995,皇台酒业,15.89,16.55,15.67,16.2,26365,43017604.0,0.37,2.337334175615919
2016-06-06,15:00,sz000995,皇台酒业,16.21,16.48,15.76,16.36,22878,37113940.0,0.16,0.9876543209876544
2016-06-07,15:00,sz000995,皇台酒业,16.2,16.48,16.13,16.21,12245,19950328.0,-0.15,-0.9168704156479218
2016-06-08,15:00,sz000995,皇台酒业,16.2,16.59,16.1,16.41,17895,29341438.0,0.2,1.2338062924120914
2016-06-20,15:00,sz000995,皇台酒业,15.59,15.59,15.59,15.59,658,1025822.0,-0.82,-4.996953077391835
2016-06-21,15:00,sz000995,皇台酒业,14.81,14.81,14.81,14.81,6624,9810144.0,-0.78,-5.003207184092367
2016-06-22,15:00,sz000995,皇台酒业,14.07,14.07,14.07,14.07,13291,18700436.0,-0.74,-4.9966239027684
2016-06-23,15:00,sz000995,皇台酒业,13.37,13.37,13.37,13.37,20773,27773500.0,-0.7,-4.975124378109453
2016-06-24,15:00,sz000995,皇台酒业,12.7,12.7,12.7,12.7,12985,16490950.0,-0.67,-5.011219147344802
2016-06-27,15:00,sz000995,皇台酒业,12.07,12.4,12.07,12.1,302820,366581728.0,-0.6,-4.724409448818897
2016-06-28,15:00,sz000995,皇台酒业,11.97,12.05,11.82,12.02,134695,160939568.0,-0.08,-0.6611570247933884
2016-06-29,15:00,sz000995,皇台酒业,12.04,12.27,11.97,12.16,104410,126633864.0,0.14,1.1647254575707155
2016-06-30,15:00,sz000995,皇台酒业,12.14,12.49,12.03,12.28,92129,112765640.0,0.12,0.986842105263158
2016-07-01,15:00,sz000995,皇台酒业,12.28,12.28,12.05,12.17,57837,70324944.0,-0.11,-0.8957654723127036
2016-07-04,15:00,sz000995,皇台酒业,12.04,12.29,12.01,12.25,75692,92241784.0,0.08,0.657354149548069
2016-07-05,15:00,sz000995,皇台酒业,12.24,12.26,12.12,12.22,63595,77531352.0,-0.03,-0.2448979591836734
2016-07-06,15:00,sz000995,皇台酒业,12.2,12.49,12.05,12.45,86529,106045336.0,0.23,1.8821603927986903
2016-07-07,15:00,sz000995,皇台酒业,12.47,12.5,12.19,12.29,66023,81226560.0,-0.16,-1.285140562248996
2016-07-08,15:00,sz000995,皇台酒业,12.27,12.42,12.17,12.33,51634,63596784.0,0.04,0.3254678600488201
2016-07-11,15:00,sz000995,皇台酒业,12.23,12.37,12.13,12.16,54652,66876440.0,-0.17,-1.37875101378751
2016-07-12,15:00,sz000995,皇台酒业,12.15,12.21,11.55,12.06,63739,76162064.0,-0.1,-0.8223684210526315
2016-07-13,15:00,sz000995,皇台酒业,11.99,12.13,11.99,12.1,39005,47025116.0,0.04,0.3316749585406301
2016-07-14,15:00,sz000995,皇台酒业,12.06,12.2,12.02,12.16,36860,44652216.0,0.06,0.4958677685950413
2016-07-15,15:00,sz000995,皇台酒业,12.12,12.14,11.95,11.99,36541,43905920.0,-0.17,-1.3980263157894737
2016-07-18,15:00,sz000995,皇台酒业,11.9,11.93,11.63,11.72,44089,51817764.0,-0.27,-2.2518765638031693
2016-07-19,15:00,sz000995,皇台酒业,11.75,11.75,11.41,11.48,44995,51858660.0,-0.24,-2.04778156996587
2016-07-20,15:00,sz000995,皇台酒业,11.42,11.64,11.42,11.59,36655,42295016.0,0.11,0.9581881533101044
2016-07-21,15:00,sz000995,皇台酒业,11.57,11.68,11.56,11.59,24632,28623404.0,0.0,0.0
2016-07-22,15:00,sz000995,皇台酒业,11.59,11.62,11.5,11.53,20173,23298312.0,-0.06,-0.5176876617773942
2016-07-25,15:00,sz000995,皇台酒业,11.58,11.73,11.54,11.62,22886,26678032.0,0.09,0.7805724197745013
2016-07-26,15:00,sz000995,皇台酒业,11.65,12.2,11.62,12.2,68820,82653456.0,0.58,4.991394148020654
2016-07-27,15:00,sz000995,皇台酒业,12.29,12.64,11.68,12.04,124311,152872384.0,-0.16,-1.3114754098360657
2016-07-28,15:00,sz000995,皇台酒业,11.95,12.49,11.92,12.4,73686,90606072.0,0.36,2.990033222591362
2016-07-29,15:00,sz000995,皇台酒业,12.47,12.48,12.16,12.32,49315,60788936.0,-0.08,-0.6451612903225806
2016-08-01,15:00,sz000995,皇台酒业,12.14,12.22,11.7,11.8,62771,74065968.0,-0.52,-4.220779220779221
2016-08-02,15:00,sz000995,皇台酒业,11.79,11.91,11.7,11.9,22548,26682100.0,0.1,0.847457627118644
2016-08-03,15:00,sz000995,皇台酒业,11.86,12.02,11.72,11.97,21264,25341560.0,0.07,0.5882352941176471
2016-08-04,15:00,sz000995,皇台酒业,12.0,12.44,11.94,12.32,38871,47654084.0,0.35,2.923976608187134
2016-08-05,15:00,sz000995,皇台酒业,12.29,12.37,12.16,12.23,22854,28021580.0,-0.09,-0.7305194805194805
2016-08-08,15:00,sz000995,皇台酒业,12.12,12.27,12.06,12.25,27967,34089216.0,0.02,0.1635322976287817
2016-08-09,15:00,sz000995,皇台酒业,12.24,12.28,12.12,12.19,27519,33508166.0,-0.06,-0.4897959183673469
2016-08-10,15:00,sz000995,皇台酒业,12.18,12.22,11.91,12.04,47261,56852856.0,-0.15,-1.2305168170631664
2016-08-11,15:00,sz000995,皇台酒业,11.95,12.08,11.92,11.95,21520,25811814.0,-0.09,-0.7475083056478405
2016-08-12,15:00,sz000995,皇台酒业,11.9,12.02,11.89,12.0,17213,20577784.0,0.05,0.4184100418410041
2016-08-15,15:00,sz000995,皇台酒业,11.99,12.13,11.95,12.07,32860,39598844.0,0.07,0.5833333333333334
2016-08-16,15:00,sz000995,皇台酒业,12.02,12.09,11.93,12.0,36718,44127660.0,-0.07,-0.579950289975145
2016-08-17,15:00,sz000995,皇台酒业,11.99,12.13,11.95,12.07,30208,36371752.0,0.07,0.5833333333333334
2016-08-18,15:00,sz000995,皇台酒业,12.05,12.13,12.0,12.06,34156,41220680.0,-0.01,-0.0828500414250207
2016-08-19,15:00,sz000995,皇台酒业,12.04,12.11,12.02,12.07,20574,24793472.0,0.01,0.0829187396351575
2016-08-22,15:00,sz000995,皇台酒业,12.07,12.23,12.03,12.11,39801,48367716.0,0.04,0.3314001657000828
2016-08-23,15:00,sz000995,皇台酒业,12.13,12.21,12.09,12.2,22750,27666172.0,0.09,0.7431874483897605
2016-08-24,15:00,sz000995,皇台酒业,12.24,12.25,12.08,12.11,26856,32575102.0,-0.09,-0.7377049180327869
2016-08-25,15:00,sz000995,皇台酒业,12.11,12.11,11.9,12.04,20254,24333628.0,-0.07,-0.5780346820809248
2016-08-26,15:00,sz000995,皇台酒业,12.02,12.53,12.02,12.3,54367,66807736.0,0.26,2.1594684385382057
2016-08-29,15:00,sz000995,皇台酒业,12.35,12.61,12.31,12.49,50334,62739060.0,0.19,1.5447154471544715
2016-08-30,15:00,sz000995,皇台酒业,12.48,12.66,12.4,12.55,35847,44967716.0,0.06,0.4803843074459567
2016-08-31,15:00,sz000995,皇台酒业,12.6,13.18,12.52,13.18,61773,81120096.0,0.63,5.0199203187251
2016-09-01,15:00,sz000995,皇台酒业,13.29,13.8,13.2,13.24,106456,143529856.0,0.06,0.4552352048558422
2016-09-02,15:00,sz000995,皇台酒业,13.2,13.68,13.05,13.5,49805,66743424.0,0.26,1.9637462235649543
2016-09-05,15:00,sz000995,皇台酒业,13.49,13.79,13.25,13.41,32850,44081404.0,-0.09,-0.6666666666666667
2016-09-06,15:00,sz000995,皇台酒业,13.35,13.6,13.08,13.49,38439,51565016.0,0.08,0.5965697240865026
2016-09-07,15:00,sz000995,皇台酒业,13.43,14.16,13.42,14.16,86121,120374144.0,0.67,4.966641957005189
2016-09-08,15:00,sz000995,皇台酒业,14.19,14.42,13.96,14.3,58702,83528632.0,0.14,0.9887005649717516
2016-09-09,15:00,sz000995,皇台酒业,14.18,15.02,14.05,14.96,71577,106236024.0,0.66,4.615384615384616
2016-09-12,15:00,sz000995,皇台酒业,14.26,14.66,14.21,14.22,86393,123714872.0,-0.74,-4.946524064171124
2016-09-13,15:00,sz000995,皇台酒业,14.25,14.5,13.7,13.83,59105,83059264.0,-0.39,-2.7426160337552745
2016-09-14,15:00,sz000995,皇台酒业,13.84,14.48,13.7,14.16,31195,44140596.0,0.33,2.386117136659436
2016-09-19,15:00,sz000995,皇台酒业,13.99,14.81,13.98,14.66,41984,61020008.0,0.5,3.531073446327684
2016-09-20,15:00,sz000995,皇台酒业,14.61,14.81,14.29,14.45,27774,40354848.0,-0.21,-1.4324693042291952
2016-09-21,15:00,sz000995,皇台酒业,14.42,14.52,14.16,14.25,33702,48369916.0,-0.2,-1.384083044982699
2016-09-22,15:00,sz000995,皇台酒业,14.28,14.46,14.01,14.24,28679,40866300.0,-0.01,-0.0701754385964912
2016-09-23,15:00,sz000995,皇台酒业,14.2,14.6,14.15,14.4,36056,51851480.0,0.16,1.1235955056179776
2016-09-26,15:00,sz000995,皇台酒业,14.49,14.49,14.01,14.03,35040,49980160.0,-0.37,-2.569444444444444
2016-09-27,15:00,sz000995,皇台酒业,13.85,14.18,13.8,14.05,28515,39797648.0,0.02,0.142551674982181
2016-09-28,15:00,sz000995,皇台酒业,14.04,14.73,14.0,14.48,46858,67460456.0,0.43,3.0604982206405693
2016-09-29,15:00,sz000995,皇台酒业,14.65,15.0,14.53,14.66,37160,54755152.0,0.18,1.2430939226519335
2016-09-30,15:00,sz000995,皇台酒业,14.79,15.15,14.53,14.95,44282,65842404.0,0.29,1.978171896316508
2016-10-10,15:00,sz000995,皇台酒业,15.01,15.1,14.8,14.98,30157,45113592.0,0.03,0.2006688963210702
2016-10-11,15:00,sz000995,皇台酒业,14.9,15.35,14.85,15.33,47530,72272968.0,0.35,2.336448598130841
2016-10-12,15:00,sz000995,皇台酒业,15.33,15.9,15.12,15.8,35636,55376512.0,0.47,3.065883887801696
2016-10-13,15:00,sz000995,皇台酒业,15.85,16.45,15.75,16.22,57815,93743240.0,0.42,2.6582278481012658
2016-10-14,15:00,sz000995,皇台酒业,16.26,16.5,15.81,16.1,40662,65724020.0,-0.12,-0.7398273736128237
2016-10-17,15:00,sz000995,皇台酒业,15.99,16.0,15.38,15.4,60704,95324128.0,-0.7,-4.3478260869565215
2016-10-18,15:00,sz000995,皇台酒业,15.47,15.67,15.19,15.64,41919,64830156.0,0.24,1.5584415584415583
2016-10-19,15:00,sz000995,皇台酒业,15.78,16.28,15.65,16.1,51540,82388824.0,0.46,2.941176470588235
2016-10-20,15:00,sz000995,皇台酒业,16.15,16.47,16.07,16.3,35835,58405384.0,0.2,1.2422360248447204
2016-10-21,15:00,sz000995,皇台酒业,16.25,16.6,15.65,15.91,32551,52274908.0,-0.39,-2.392638036809816
2016-10-24,15:00,sz000995,皇台酒业,16.0,16.01,15.63,15.7,26985,42597812.0,-0.21,-1.3199245757385292
2016-10-25,15:00,sz000995,皇台酒业,15.64,15.85,15.56,15.64,24459,38346860.0,-0.06,-0.3821656050955414
2016-10-26,15:00,sz000995,皇台酒业,15.8,16.42,15.8,16.41,68957,111514976.0,0.77,4.923273657289003
2016-10-27,15:00,sz000995,皇台酒业,16.18,16.95,16.13,16.79,49970,83403792.0,0.38,2.315661182205972
2016-10-28,15:00,sz000995,皇台酒业,16.85,16.85,16.15,16.15,43785,71744736.0,-0.64,-3.8117927337701016
2016-10-31,15:00,sz000995,皇台酒业,16.16,16.49,16.1,16.46,36842,60087024.0,0.31,1.9195046439628485
2016-11-01,15:00,sz000995,皇台酒业,16.3,16.88,16.29,16.75,32865,54835968.0,0.29,1.761846901579587
2016-11-02,15:00,sz000995,皇台酒业,16.8,16.8,16.58,16.62,25852,43121848.0,-0.13,-0.7761194029850746
2016-11-03,15:00,sz000995,皇台酒业,16.62,16.62,16.28,16.42,34076,56085008.0,-0.2,-1.203369434416366
2016-11-04,15:00,sz000995,皇台酒业,16.67,16.67,16.36,16.49,26785,44140964.0,0.07,0.4263093788063337
2016-11-07,15:00,sz000995,皇台酒业,16.53,16.54,16.05,16.09,44800,72827408.0,-0.4,-2.4257125530624624
2016-11-08,15:00,sz000995,皇台酒业,16.11,16.55,16.1,16.39,35442,57993152.0,0.3,1.864512119328776
2016-11-09,15:00,sz000995,皇台酒业,16.33,16.62,16.15,16.48,30039,49267296.0,0.09,0.5491153142159854
2016-11-10,15:00,sz000995,皇台酒业,16.49,16.83,16.41,16.76,35505,59300676.0,0.28,1.699029126213592
2016-11-11,15:00,sz000995,皇台酒业,16.86,16.86,16.58,16.73,41910,70175392.0,-0.03,-0.1789976133651551
2016-11-14,15:00,sz000995,皇台酒业,16.71,16.89,16.6,16.69,41968,70316824.0,-0.04,-0.2390914524805737
2016-11-15,15:00,sz000995,皇台酒业,16.63,17.52,16.6,17.45,62785,107225728.0,0.76,4.553624925104853
2016-11-16,15:00,sz000995,皇台酒业,17.49,18.19,17.35,17.64,63742,113526432.0,0.19,1.0888252148997135
2016-11-17,15:00,sz000995,皇台酒业,17.58,18.08,17.3,17.62,36840,64944672.0,-0.02,-0.1133786848072562
2016-11-18,15:00,sz000995,皇台酒业,17.6,17.95,17.5,17.76,29829,53065108.0,0.14,0.7945516458569807
2016-11-21,15:00,sz000995,皇台酒业,17.68,17.81,17.4,17.56,44441,78344776.0,-0.2,-1.1261261261261262
2016-11-22,15:00,sz000995,皇台酒业,17.55,17.8,17.28,17.53,32385,56775276.0,-0.03,-0.1708428246013667
2016-11-23,15:00,sz000995,皇台酒业,17.4,17.62,17.35,17.44,25070,43761376.0,-0.09,-0.513405590416429
2016-11-24,15:00,sz000995,皇台酒业,17.44,17.55,17.28,17.5,29371,51118140.0,0.06,0.3440366972477064
2016-11-25,15:00,sz000995,皇台酒业,17.48,17.51,17.22,17.44,16590,28809590.0,-0.06,-0.3428571428571428
2016-11-28,15:00,sz000995,皇台酒业,17.5,17.5,17.0,17.11,29710,51142008.0,-0.33,-1.8922018348623852
2016-11-29,15:00,sz000995,皇台酒业,17.16,17.24,16.25,16.25,53381,88180984.0,-0.86,-5.026300409117475
2016-11-30,15:00,sz000995,皇台酒业,15.79,15.88,15.44,15.44,81513,126599496.0,-0.81,-4.984615384615385
2016-12-01,15:00,sz000995,皇台酒业,15.44,15.7,15.25,15.53,34561,53817984.0,0.09,0.582901554404145
2016-12-02,15:00,sz000995,皇台酒业,15.64,15.85,15.4,15.7,22315,34799176.0,0.17,1.0946555054732776
2016-12-05,15:00,sz000995,皇台酒业,15.73,16.33,15.41,16.2,22119,35131780.0,0.5,3.1847133757961785
2016-12-06,15:00,sz000995,皇台酒业,16.1,16.45,15.92,16.08,30476,49469464.0,-0.12,-0.7407407407407408
2016-12-07,15:00,sz000995,皇台酒业,16.0,16.68,16.0,16.5,18882,31054920.0,0.42,2.6119402985074625
2016-12-08,15:00,sz000995,皇台酒业,16.46,16.7,16.46,16.5,14927,24731462.0,0.0,0.0
2016-12-09,15:00,sz000995,皇台酒业,16.55,16.63,16.25,16.29,15607,25561342.0,-0.21,-1.2727272727272727
2016-12-12,15:00,sz000995,皇台酒业,16.11,16.45,15.48,15.48,29134,46073296.0,-0.81,-4.972375690607735
2016-12-13,15:00,sz000995,皇台酒业,15.26,15.65,15.0,15.51,16938,25947292.0,0.03,0.1937984496124031
2016-12-14,15:00,sz000995,皇台酒业,15.41,15.92,15.41,15.76,23530,36801224.0,0.25,1.6118633139909735
2016-12-15,15:00,sz000995,皇台酒业,16.4,16.55,16.2,16.55,13469,22180154.0,0.79,5.012690355329949
2016-12-16,15:00,sz000995,皇台酒业,16.96,17.38,16.88,17.38,109221,188859008.0,0.83,5.015105740181268
2016-12-19,15:00,sz000995,皇台酒业,17.35,18.23,17.06,17.9,50535,89346416.0,0.52,2.991944764096663
2016-12-20,15:00,sz000995,皇台酒业,18.43,18.43,17.7,18.06,37602,67949768.0,0.16,0.8938547486033519
2016-12-21,15:00,sz000995,皇台酒业,18.1,18.59,17.9,18.18,45544,83345928.0,0.12,0.6644518272425249
2016-12-22,15:00,sz000995,皇台酒业,18.17,18.3,17.52,17.79,28909,51712028.0,-0.39,-2.145214521452145
2016-12-23,15:00,sz000995,皇台酒业,17.88,18.1,17.36,17.97,35547,63083676.0,0.18,1.011804384485666
2016-12-26,15:00,sz000995,皇台酒业,17.42,18.18,17.42,17.78,24759,44220888.0,-0.19,-1.05731775180857
2016-12-27,15:00,sz000995,皇台酒业,17.89,18.67,17.73,18.67,41572,76356064.0,0.89,5.005624296962879
2016-12-28,15:00,sz000995,皇台酒业,18.67,19.32,17.84,18.13,62475,115688512.0,-0.54,-2.89234065345474
2016-12-29,15:00,sz000995,皇台酒业,17.97,18.13,17.64,17.77,31095,55532872.0,-0.36,-1.9856591285162712
2016-12-30,15:00,sz000995,皇台酒业,17.77,18.25,17.6,17.8,32994,58967520.0,0.03,0.168823860438942
2017-01-03,15:00,sz000995,皇台酒业,17.9,18.55,17.9,18.48,33160,60505596.0,0.68,3.820224719101124
2017-01-04,15:00,sz000995,皇台酒业,17.96,18.28,17.96,18.19,30986,56148736.0,-0.29,-1.5692640692640691
2017-01-05,15:00,sz000995,皇台酒业,18.02,18.11,17.53,17.59,46714,83031728.0,-0.6,-3.2985156679494225
2017-01-06,15:00,sz000995,皇台酒业,16.79,17.4,16.71,16.71,113784,190541264.0,-0.88,-5.002842524161456
2017-01-09,15:00,sz000995,皇台酒业,16.5,16.69,16.06,16.56,44262,72479912.0,-0.15,-0.8976660682226212
2017-01-10,15:00,sz000995,皇台酒业,16.69,17.17,16.58,16.7,30791,51842168.0,0.14,0.8454106280193237
2017-01-11,15:00,sz000995,皇台酒业,16.63,16.79,16.33,16.36,23251,38270484.0,-0.34,-2.035928143712575
2017-01-12,15:00,sz000995,皇台酒业,16.36,16.69,16.25,16.31,13371,22064076.0,-0.05,-0.3056234718826406
2017-01-13,15:00,sz000995,皇台酒业,16.29,16.88,16.25,16.86,35844,59535000.0,0.55,3.3721643163703248
2017-01-16,15:00,sz000995,皇台酒业,16.65,16.79,16.02,16.02,22947,36969556.0,-0.84,-4.98220640569395
2017-01-17,15:00,sz000995,皇台酒业,15.7,16.02,15.23,15.85,27996,43605988.0,-0.17,-1.0611735330836454
2017-01-18,15:00,sz000995,皇台酒业,15.81,16.35,15.6,16.24,11873,18972518.0,0.39,2.460567823343849
2017-01-19,15:00,sz000995,皇台酒业,16.04,16.44,16.04,16.16,11600,18779970.0,-0.08,-0.4926108374384236
2017-01-20,15:00,sz000995,皇台酒业,16.11,16.37,16.04,16.3,8572,13969160.0,0.14,0.8663366336633664
2017-01-23,15:00,sz000995,皇台酒业,16.15,16.15,15.81,16.02,15670,24986428.0,-0.28,-1.7177914110429449
2017-01-24,15:00,sz000995,皇台酒业,16.25,16.25,15.9,15.92,9479,15189413.0,-0.1,-0.6242197253433208
2017-01-25,15:00,sz000995,皇台酒业,15.7,15.99,15.7,15.75,8444,13374829.0,-0.17,-1.0678391959798994
2017-01-26,15:00,sz000995,皇台酒业,15.53,16.07,15.53,15.96,6695,10669339.0,0.21,1.3333333333333337
2017-02-03,15:00,sz000995,皇台酒业,15.83,16.1,15.83,16.06,7396,11829284.0,0.1,0.6265664160401002
2017-02-06,15:00,sz000995,皇台酒业,16.02,16.22,15.95,16.11,8385,13550835.0,0.05,0.311332503113325
2017-02-07,15:00,sz000995,皇台酒业,16.33,16.42,15.88,15.98,14868,23945318.0,-0.13,-0.8069522036002483
2017-02-08,15:00,sz000995,皇台酒业,15.91,16.08,15.68,16.01,12166,19372344.0,0.03,0.1877346683354192
2017-02-09,15:00,sz000995,皇台酒业,16.01,16.22,15.82,16.2,14082,22686886.0,0.19,1.1867582760774515
2017-02-10,15:00,sz000995,皇台酒业,16.25,16.25,16.06,16.16,9427,15232681.0,-0.04,-0.2469135802469135
2017-02-13,15:00,sz000995,皇台酒业,16.0,16.1,15.7,16.0,19635,31135072.0,-0.16,-0.99009900990099
2017-02-14,15:00,sz000995,皇台酒业,15.96,15.96,15.78,15.82,8618,13640404.0,-0.18,-1.125
2017-02-15,15:00,sz000995,皇台酒业,15.8,15.96,15.64,15.67,8482,13375303.0,-0.15,-0.9481668773704172
2017-02-16,15:00,sz000995,皇台酒业,15.54,15.77,15.48,15.61,12392,19318868.0,-0.06,-0.3828972559029994
2017-02-17,15:00,sz000995,皇台酒业,15.62,15.89,15.56,15.6,12499,19605256.0,-0.01,-0.0640614990390775
2017-02-20,15:00,sz000995,皇台酒业,15.35,15.79,15.27,15.41,23234,35773744.0,-0.19,-1.217948717948718
2017-02-21,15:00,sz000995,皇台酒业,15.38,15.66,15.3,15.56,16016,24786604.0,0.15,0.9733939000648928
2017-02-22,15:00,sz000995,皇台酒业,15.7,15.76,15.51,15.62,10898,17016090.0,0.06,0.3856041131105398
2017-02-23,15:00,sz000995,皇台酒业,15.62,15.67,15.42,15.51,9961,15440184.0,-0.11,-0.7042253521126761
2017-02-24,15:00,sz000995,皇台酒业,15.34,15.58,15.34,15.5,17409,26826858.0,-0.01,-0.0644745325596389
2017-02-27,15:00,sz000995,皇台酒业,15.36,15.47,15.2,15.22,19603,29945764.0,-0.28,-1.806451612903226
2017-02-28,15:00,sz000995,皇台酒业,15.33,15.4,15.2,15.33,14477,22119842.0,0.11,0.7227332457293035
2017-03-01,15:00,sz000995,皇台酒业,15.35,15.54,15.26,15.48,11740,18106810.0,0.15,0.9784735812133072
2017-03-02,15:00,sz000995,皇台酒业,15.48,15.49,15.22,15.23,12210,18723626.0,-0.25,-1.614987080103359
2017-03-03,15:00,sz000995,皇台酒业,15.21,15.24,15.01,15.16,10537,15916586.0,-0.07,-0.4596191726854892
2017-03-06,15:00,sz000995,皇台酒业,15.1,15.26,15.05,15.25,21817,33076708.0,0.09,0.5936675461741424
2017-03-07,15:00,sz000995,皇台酒业,15.25,16.01,15.23,15.95,30371,47742352.0,0.7,4.590163934426229
2017-03-08,15:00,sz000995,皇台酒业,15.93,16.26,15.65,16.1,31319,50245464.0,0.15,0.9404388714733544
2017-03-09,15:00,sz000995,皇台酒业,16.1,16.17,15.74,15.92,21433,34190112.0,-0.18,-1.1180124223602486
2017-03-10,15:00,sz000995,皇台酒业,15.92,16.16,15.82,15.87,13835,22120986.0,-0.05,-0.314070351758794
2017-03-13,15:00,sz000995,皇台酒业,15.82,16.03,15.72,15.82,12769,20326186.0,-0.05,-0.315059861373661
2017-03-14,15:00,sz000995,皇台酒业,15.82,16.5,15.7,16.03,21506,34805432.0,0.21,1.327433628318584
2017-03-15,15:00,sz000995,皇台酒业,15.8,16.06,15.8,15.88,22660,36142396.0,-0.15,-0.9357454772301934
2017-03-16,15:00,sz000995,皇台酒业,15.98,16.32,15.89,16.04,14126,22791134.0,0.16,1.0075566750629723
2017-03-17,15:00,sz000995,皇台酒业,16.0,16.19,15.93,15.99,10327,16612798.0,-0.05,-0.3117206982543641
2017-03-20,15:00,sz000995,皇台酒业,16.08,16.2,16.01,16.09,9642,15525468.0,0.1,0.6253908692933083
2017-03-21,15:00,sz000995,皇台酒业,16.01,16.16,16.0,16.05,10321,16570206.0,-0.04,-0.2486016159105034
2017-03-22,15:00,sz000995,皇台酒业,16.0,16.0,15.74,15.9,12742,20170770.0,-0.15,-0.9345794392523364
2017-03-23,15:00,sz000995,皇台酒业,15.91,15.93,15.58,15.67,11166,17574894.0,-0.23,-1.4465408805031448
2017-03-24,15:00,sz000995,皇台酒业,15.69,15.78,15.58,15.67,9553,14975002.0,0.0,0.0
2017-03-27,15:00,sz000995,皇台酒业,15.67,15.78,15.35,15.43,12296,19043862.0,-0.24,-1.5315890236119976
2017-03-28,15:00,sz000995,皇台酒业,15.46,15.67,15.34,15.48,9299,14363686.0,0.05,0.3240440699935191
2017-03-29,15:00,sz000995,皇台酒业,15.42,15.6,15.42,15.45,12207,18906974.0,-0.03,-0.1937984496124031
2017-03-30,15:00,sz000995,皇台酒业,15.4,15.45,15.02,15.13,10069,15260976.0,-0.32,-2.071197411003236
2017-03-31,15:00,sz000995,皇台酒业,15.13,15.23,14.89,15.17,7563,11415086.0,0.04,0.2643754130865829
2017-04-05,15:00,sz000995,皇台酒业,15.01,15.48,15.01,15.46,9356,14305846.0,0.29,1.911667765326302
2017-04-06,15:00,sz000995,皇台酒业,15.49,15.77,15.41,15.58,8770,13707607.0,0.12,0.7761966364812419
2017-04-07,15:00,sz000995,皇台酒业,15.54,15.67,15.21,15.37,8940,13792960.0,-0.21,-1.3478818998716302
2017-04-10,15:00,sz000995,皇台酒业,15.37,15.54,15.33,15.42,8840,13639276.0,0.05,0.3253090435914118
2017-04-11,15:00,sz000995,皇台酒业,15.4,15.43,15.02,15.35,11760,17892778.0,-0.07,-0.4539559014267186
2017-04-12,15:00,sz000995,皇台酒业,15.26,15.4,15.05,15.19,6959,10593075.0,-0.16,-1.0423452768729642
2017-04-13,15:00,sz000995,皇台酒业,15.44,15.75,15.25,15.57,11965,18624704.0,0.38,2.5016458196181697
2017-04-14,15:00,sz000995,皇台酒业,15.55,15.57,15.25,15.42,7166,11011496.0,-0.15,-0.9633911368015412
2017-04-17,15:00,sz000995,皇台酒业,14.65,15.19,14.65,14.84,15110,22424684.0,-0.58,-3.761348897535668
2017-04-18,15:00,sz000995,皇台酒业,14.68,14.75,14.1,14.1,25827,36523216.0,-0.74,-4.986522911051213
2017-04-19,15:00,sz000995,皇台酒业,14.0,14.0,13.4,13.4,30361,40766808.0,-0.7,-4.964539007092199
2017-04-20,15:00,sz000995,皇台酒业,13.48,13.62,13.09,13.18,13393,17820640.0,-0.22,-1.6417910447761193
2017-04-21,15:00,sz000995,皇台酒业,13.08,13.09,12.68,12.89,15209,19663554.0,-0.29,-2.2003034901365703
2017-04-24,15:00,sz000995,皇台酒业,12.86,13.08,12.6,12.67,9082,11581193.0,-0.22,-1.7067494181536074
2017-04-25,15:00,sz000995,皇台酒业,12.6,12.69,12.04,12.04,17950,21959500.0,-0.63,-4.972375690607735
2017-04-26,15:00,sz000995,皇台酒业,12.04,12.15,11.55,11.94,23711,28154168.0,-0.1,-0.8305647840531563
2017-04-27,15:00,sz000995,皇台酒业,11.83,11.99,11.58,11.92,17652,20866166.0,-0.02,-0.1675041876046901
2017-04-28,15:00,sz000995,皇台酒业,11.92,12.52,11.7,12.52,25133,30875368.0,0.6,5.033557046979865
2017-05-02,15:00,sz000995,皇台酒业,12.55,12.88,12.5,12.84,17422,22097782.0,0.32,2.5559105431309903
2017-05-03,15:00,sz000995,皇台酒业,12.9,12.93,12.67,12.86,10545,13513033.0,0.02,0.1557632398753894
2017-05-04,15:00,sz000995,皇台酒业,12.86,12.99,12.62,12.83,8618,11056252.0,-0.03,-0.2332814930015552
2017-05-05,15:00,sz000995,皇台酒业,12.8,12.8,12.26,12.47,10646,13307428.0,-0.36,-2.8059236165237724
2017-05-08,15:00,sz000995,皇台酒业,12.42,12.53,12.0,12.08,5127,6282836.0,-0.39,-3.127506014434643
2017-05-09,15:00,sz000995,皇台酒业,12.02,12.33,11.81,12.33,6894,8349084.0,0.25,2.06953642384106
2017-05-10,15:00,sz000995,皇台酒业,12.39,12.54,12.21,12.27,8572,10610514.0,-0.06,-0.48661800486618
2017-05-11,15:00,sz000995,皇台酒业,11.99,12.25,11.66,11.83,14338,16951770.0,-0.44,-3.585982070089649
2017-05-12,15:00,sz000995,皇台酒业,11.9,12.06,11.83,11.89,4083,4869237.0,0.06,0.5071851225697379
2017-05-15,15:00,sz000995,皇台酒业,11.77,12.35,11.77,12.17,10786,13081359.0,0.28,2.3549201009251477
2017-05-16,15:00,sz000995,皇台酒业,12.17,12.43,12.0,12.43,9024,11020625.0,0.26,2.1364009860312243
2017-05-17,15:00,sz000995,皇台酒业,12.47,12.63,12.38,12.46,11694,14633194.0,0.03,0.2413515687851971
2017-05-18,15:00,sz000995,皇台酒业,11.93,12.48,11.93,12.31,8809,10744450.0,-0.15,-1.2038523274478332
2017-05-19,15:00,sz000995,皇台酒业,12.25,12.35,12.23,12.27,5715,7029667.0,-0.04,-0.3249390739236393
2017-05-22,15:00,sz000995,皇台酒业,12.26,12.38,11.86,11.89,7028,8477717.0,-0.38,-3.0969845150774247
2017-05-23,15:00,sz000995,皇台酒业,11.8,11.97,11.38,11.4,9041,10559545.0,-0.49,-4.121110176619007
2017-05-24,15:00,sz000995,皇台酒业,11.02,11.3,11.0,11.23,13251,14730987.0,-0.17,-1.4912280701754386
2017-05-25,15:00,sz000995,皇台酒业,11.23,11.33,10.67,11.0,19161,20806480.0,-0.23,-2.048085485307213
2017-05-26,15:00,sz000995,皇台酒业,10.99,11.11,10.86,11.07,8173,8999106.0,0.07,0.6363636363636364
2017-05-31,15:00,sz000995,皇台酒业,11.2,11.29,11.01,11.11,8656,9631277.0,0.04,0.3613369467028003
2017-06-01,15:00,sz000995,皇台酒业,11.01,11.12,10.55,10.57,7851,8512800.0,-0.54,-4.86048604860486
2017-06-02,15:00,sz000995,皇台酒业,10.59,10.67,10.19,10.55,9437,9795109.0,-0.02,-0.1892147587511826
2017-06-05,15:00,sz000995,皇台酒业,10.66,10.7,10.53,10.6,7223,7656217.0,0.05,0.4739336492890995
2017-06-06,15:00,sz000995,皇台酒业,10.6,10.9,10.47,10.83,8252,8827073.0,0.23,2.1698113207547167
2017-06-07,15:00,sz000995,皇台酒业,10.83,11.1,10.79,11.09,14925,16421134.0,0.26,2.400738688827332
2017-06-08,15:00,sz000995,皇台酒业,11.09,11.64,11.09,11.64,26461,30612682.0,0.55,4.959422903516682
2017-06-09,15:00,sz000995,皇台酒业,11.74,11.74,11.52,11.65,13950,16211734.0,0.01,0.0859106529209622
2017-06-12,15:00,sz000995,皇台酒业,11.6,12.23,11.38,12.23,24976,30120256.0,0.58,4.978540772532189
2017-06-13,15:00,sz000995,皇台酒业,12.23,12.84,12.0,12.84,23511,29768784.0,0.61,4.987735077677842
2017-06-15,15:00,sz000995,皇台酒业,14.1,14.12,13.51,14.12,36022,50792404.0,1.28,9.96884735202492
2017-06-16,15:00,sz000995,皇台酒业,14.26,15.2,13.6,13.79,112486,161483760.0,-0.33,-2.3371104815864023
2017-06-19,15:00,sz000995,皇台酒业,13.99,14.0,13.19,13.48,57298,77568072.0,-0.31,-2.2480058013052937
2017-06-20,15:00,sz000995,皇台酒业,13.76,13.8,13.3,13.55,38207,51730684.0,0.07,0.5192878338278931
2017-06-21,15:00,sz000995,皇台酒业,13.46,13.65,13.11,13.49,41760,55712972.0,-0.06,-0.4428044280442804
2017-06-22,15:00,sz000995,皇台酒业,13.26,14.62,13.26,14.37,64976,91593120.0,0.88,6.523350630096368
2017-06-23,15:00,sz000995,皇台酒业,13.95,14.54,13.95,14.17,43412,62235540.0,-0.2,-1.3917884481558804
2017-06-26,15:00,sz000995,皇台酒业,14.07,14.36,13.88,13.98,21997,30786914.0,-0.19,-1.340860973888497
2017-06-27,15:00,sz000995,皇台酒业,14.0,14.59,13.81,14.13,27459,38939824.0,0.15,1.072961373390558
2017-06-28,15:00,sz000995,皇台酒业,14.16,14.39,13.98,14.25,16441,23320376.0,0.12,0.8492569002123143
2017-06-29,15:00,sz000995,皇台酒业,14.15,14.4,14.01,14.29,18927,26993726.0,0.04,0.2807017543859649
2017-06-30,15:00,sz000995,皇台酒业,14.03,14.49,14.02,14.16,21921,31273824.0,-0.13,-0.9097270818754376
2017-07-03,15:00,sz000995,皇台酒业,14.05,14.29,14.01,14.13,10737,15172923.0,-0.03,-0.211864406779661
2017-07-04,15:00,sz000995,皇台酒业,14.01,14.1,13.4,13.5,37921,51482872.0,-0.63,-4.45859872611465
2017-07-05,15:00,sz000995,皇台酒业,13.59,13.65,13.25,13.48,23587,31781528.0,-0.02,-0.1481481481481481
2017-07-06,15:00,sz000995,皇台酒业,13.55,13.76,13.47,13.64,23186,31632932.0,0.16,1.1869436201780417
2017-07-07,15:00,sz000995,皇台酒业,13.6,13.75,13.26,13.73,35690,47821660.0,0.09,0.6598240469208211
2017-07-10,15:00,sz000995,皇台酒业,13.88,13.88,13.58,13.78,12195,16725975.0,0.05,0.3641660597232338
2017-07-11,15:00,sz000995,皇台酒业,13.79,13.97,13.62,13.76,10988,15188647.0,-0.02,-0.1451378809869375
2017-07-12,15:00,sz000995,皇台酒业,13.87,13.87,13.29,13.72,14697,19881762.0,-0.04,-0.2906976744186046
2017-07-13,15:00,sz000995,皇台酒业,13.67,13.76,13.51,13.68,4934,6739377.0,-0.04,-0.2915451895043732
2017-07-14,15:00,sz000995,皇台酒业,13.75,14.66,13.53,14.37,51959,73963840.0,0.69,5.043859649122807
2017-07-17,15:00,sz000995,皇台酒业,13.24,14.05,13.24,13.5,25118,34288228.0,-0.87,-6.05427974947808
2017-07-18,15:00,sz000995,皇台酒业,13.4,14.65,13.02,14.09,25096,34552524.0,0.59,4.37037037037037
2017-07-19,15:00,sz000995,皇台酒业,14.06,14.63,14.0,14.56,50345,72869296.0,0.47,3.33569907735983
2017-07-20,15:00,sz000995,皇台酒业,14.4,14.62,14.36,14.45,24803,35953024.0,-0.11,-0.7554945054945055
2017-07-21,15:00,sz000995,皇台酒业,14.4,14.42,14.01,14.28,19689,27978584.0,-0.17,-1.1764705882352942
2018-01-23,15:00,sz000995,皇台酒业,12.89,13.78,12.85,12.85,21814,28168244.0,-1.43,-10.014005602240896
2018-01-24,15:00,sz000995,皇台酒业,11.57,11.57,11.57,11.57,6633,7674381.0,-1.28,-9.961089494163424
2018-01-25,15:00,sz000995,皇台酒业,10.41,11.95,10.41,11.38,160251,171371488.0,-0.19,-1.6421780466724287
2018-01-26,15:00,sz000995,皇台酒业,10.53,10.89,10.24,10.28,114016,119885112.0,-1.1,-9.666080843585236
2018-01-29,15:00,sz000995,皇台酒业,10.05,10.05,9.51,9.58,72445,70486720.0,-0.7,-6.809338521400778
2018-01-30,15:00,sz000995,皇台酒业,9.1,9.38,8.76,8.86,63513,57280012.0,-0.72,-7.515657620041753
2018-01-31,15:00,sz000995,皇台酒业,8.92,9.75,8.81,9.75,106512,100872080.0,0.89,10.045146726862304
2018-02-01,15:00,sz000995,皇台酒业,9.74,9.74,8.78,8.78,79828,72614848.0,-0.97,-9.948717948717947
2018-02-02,15:00,sz000995,皇台酒业,8.53,8.56,7.9,8.15,50085,41106648.0,-0.63,-7.175398633257403
2018-02-05,15:00,sz000995,皇台酒业,7.95,8.56,7.43,8.05,40388,32350530.0,-0.1,-1.2269938650306749
2018-02-06,15:00,sz000995,皇台酒业,7.91,8.39,7.74,7.93,35709,28942344.0,-0.12,-1.4906832298136643
2018-02-07,15:00,sz000995,皇台酒业,7.99,8.58,7.81,8.31,42300,34738592.0,0.38,4.791929382093317
2018-02-08,15:00,sz000995,皇台酒业,8.28,8.45,8.16,8.23,30875,25619046.0,-0.08,-0.9626955475330928
2018-02-09,15:00,sz000995,皇台酒业,7.87,8.23,7.66,8.03,29401,23412470.0,-0.2,-2.4301336573511545
2018-02-12,15:00,sz000995,皇台酒业,8.0,8.23,7.83,8.08,29435,23698832.0,0.05,0.62266500622665
2018-02-13,15:00,sz000995,皇台酒业,8.15,8.18,7.76,7.78,32492,25835312.0,-0.3,-3.7128712871287126
2018-02-14,15:00,sz000995,皇台酒业,7.8,7.99,7.63,7.98,19524,15357178.0,0.2,2.570694087403599
2018-02-22,15:00,sz000995,皇台酒业,7.97,8.19,7.87,8.16,19498,15677668.0,0.18,2.255639097744361
2018-02-23,15:00,sz000995,皇台酒业,8.17,8.18,8.03,8.14,15343,12438831.0,-0.02,-0.2450980392156862
2018-02-26,15:00,sz000995,皇台酒业,8.14,8.35,8.06,8.3,25624,21036332.0,0.16,1.9656019656019657
2018-02-27,15:00,sz000995,皇台酒业,8.23,9.13,8.18,9.13,41249,35407916.0,0.83,10.0
2018-02-28,15:00,sz000995,皇台酒业,8.89,9.68,8.5,9.16,67393,61996908.0,0.03,0.3285870755750273
2018-03-01,15:00,sz000995,皇台酒业,9.1,9.6,8.8,9.32,46451,42789868.0,0.16,1.7467248908296942
2018-03-02,15:00,sz000995,皇台酒业,9.2,9.39,9.02,9.02,28065,25741114.0,-0.3,-3.2188841201716736
2018-03-05,15:00,sz000995,皇台酒业,9.03,9.03,8.6,8.77,34625,30360084.0,-0.25,-2.771618625277162
2018-03-06,15:00,sz000995,皇台酒业,8.78,8.92,8.62,8.86,25451,22396490.0,0.09,1.026225769669327
2018-03-07,15:00,sz000995,皇台酒业,8.8,8.9,8.65,8.72,26436,23220526.0,-0.14,-1.580135440180587
2018-03-08,15:00,sz000995,皇台酒业,8.66,8.75,8.6,8.66,27909,24178960.0,-0.06,-0.6880733944954129
2018-03-09,15:00,sz000995,皇台酒业,8.67,8.84,8.6,8.75,32334,28210856.0,0.09,1.039260969976905
2018-03-12,15:00,sz000995,皇台酒业,8.84,8.92,8.73,8.92,39823,35185024.0,0.17,1.9428571428571424
2018-03-13,15:00,sz000995,皇台酒业,8.97,9.36,8.97,9.2,58960,54057656.0,0.28,3.1390134529147984
2018-03-14,15:00,sz000995,皇台酒业,9.1,9.15,8.72,8.8,40288,35921744.0,-0.4,-4.3478260869565215
2018-03-15,15:00,sz000995,皇台酒业,8.7,8.75,8.45,8.7,28287,24348128.0,-0.1,-1.1363636363636365
2018-03-16,15:00,sz000995,皇台酒业,8.68,8.7,8.54,8.57,19331,16637974.0,-0.13,-1.4942528735632183
2018-03-19,15:00,sz000995,皇台酒业,8.61,8.61,8.34,8.36,24948,21060286.0,-0.21,-2.4504084014002334
2018-03-20,15:00,sz000995,皇台酒业,8.31,8.73,8.17,8.4,29209,24446478.0,0.04,0.4784688995215311
2018-03-21,15:00,sz000995,皇台酒业,8.35,8.59,8.34,8.38,22506,19017264.0,-0.02,-0.2380952380952381
2018-03-22,15:00,sz000995,皇台酒业,8.42,8.45,8.3,8.34,13853,11613214.0,-0.04,-0.477326968973747
2018-03-23,15:00,sz000995,皇台酒业,8.12,8.12,7.51,7.53,37760,29325704.0,-0.81,-9.712230215827338
2018-03-26,15:00,sz000995,皇台酒业,7.48,7.67,7.07,7.62,24159,17874164.0,0.09,1.195219123505976
2018-03-27,15:00,sz000995,皇台酒业,7.63,7.85,7.63,7.79,19498,15152606.0,0.17,2.230971128608924
2018-03-28,15:00,sz000995,皇台酒业,7.7,7.92,7.62,7.79,19579,15252730.0,0.0,0.0
2018-03-29,15:00,sz000995,皇台酒业,7.87,7.94,7.8,7.84,14959,11756362.0,0.05,0.6418485237483954
2018-03-30,15:00,sz000995,皇台酒业,7.84,8.01,7.77,7.95,18687,14842781.0,0.11,1.403061224489796
2018-04-02,15:00,sz000995,皇台酒业,8.1,8.1,7.89,7.93,16429,13070276.0,-0.02,-0.2515723270440251
2018-04-03,15:00,sz000995,皇台酒业,7.82,7.89,7.55,7.61,20935,16084700.0,-0.32,-4.03530895334174
2018-04-04,15:00,sz000995,皇台酒业,7.77,8.34,7.67,7.92,36379,28945450.0,0.31,4.07358738501971
2018-04-09,15:00,sz000995,皇台酒业,7.73,7.89,7.62,7.7,21330,16495614.0,-0.22,-2.7777777777777777
2018-04-10,15:00,sz000995,皇台酒业,7.7,7.79,7.51,7.63,17076,13047593.0,-0.07,-0.9090909090909092
2018-04-11,15:00,sz000995,皇台酒业,7.62,7.7,7.59,7.64,17556,13423203.0,0.01,0.1310615989515072
2018-04-12,15:00,sz000995,皇台酒业,7.7,7.71,7.61,7.66,14016,10742071.0,0.02,0.2617801047120419
2018-04-13,15:00,sz000995,皇台酒业,7.62,7.71,7.54,7.6,12877,9806325.0,-0.06,-0.7832898172323759
2018-04-16,15:00,sz000995,皇台酒业,7.53,7.54,7.3,7.33,18327,13555803.0,-0.27,-3.552631578947368
2018-04-17,15:00,sz000995,皇台酒业,7.25,7.47,7.25,7.25,17596,12964895.0,-0.08,-1.0914051841746248
2018-04-18,15:00,sz000995,皇台酒业,7.22,7.37,7.09,7.27,11623,8386295.5,0.02,0.2758620689655172
2018-04-19,15:00,sz000995,皇台酒业,7.25,7.32,7.22,7.28,10482,7611598.0,0.01,0.1375515818431912
2018-04-20,15:00,sz000995,皇台酒业,7.16,7.3,6.97,7.03,16621,11847462.0,-0.25,-3.4340659340659343
2018-04-23,15:00,sz000995,皇台酒业,7.02,7.02,6.77,6.79,14645,10022865.0,-0.24,-3.41394025604552
2018-04-24,15:00,sz000995,皇台酒业,6.79,6.9,6.73,6.79,22781,15526468.0,0.0,0.0
2018-04-25,15:00,sz000995,皇台酒业,6.76,6.88,6.68,6.86,16902,11504630.0,0.07,1.0309278350515465
2018-04-26,15:00,sz000995,皇台酒业,6.83,6.86,6.44,6.44,20384,13589644.0,-0.42,-6.122448979591836
2018-04-27,15:00,sz000995,皇台酒业,6.31,7.08,6.21,7.08,53924,35608184.0,0.64,9.937888198757763
2018-05-03,15:00,sz000995,皇台酒业,6.73,6.73,6.73,6.73,15269,10276037.0,-0.35,-4.943502824858757
2018-05-04,15:00,sz000995,皇台酒业,6.61,6.94,6.47,6.76,49104,32885806.0,0.03,0.4457652303120356
2018-05-07,15:00,sz000995,皇台酒业,6.67,6.84,6.67,6.82,22459,15235498.0,0.06,0.8875739644970414
2018-05-08,15:00,sz000995,皇台酒业,6.81,7.16,6.81,7.11,34329,24070626.0,0.29,4.252199413489736
2018-05-09,15:00,sz000995,皇台酒业,7.11,7.23,6.98,7.11,25081,17767932.0,0.0,0.0
2018-05-10,15:00,sz000995,皇台酒业,7.08,7.15,7.04,7.08,15014,10668017.0,-0.03,-0.4219409282700421
2018-05-11,15:00,sz000995,皇台酒业,7.1,7.37,7.07,7.27,17943,12998986.0,0.19,2.68361581920904
2018-05-14,15:00,sz000995,皇台酒业,7.2,7.54,7.11,7.11,22705,16620996.0,-0.16,-2.200825309491059
2018-05-15,15:00,sz000995,皇台酒业,7.15,7.25,7.07,7.19,11273,8055841.0,0.08,1.1251758087201125
2018-05-16,15:00,sz000995,皇台酒业,7.19,7.23,7.1,7.12,9604,6878945.0,-0.07,-0.9735744089012516
2018-05-17,15:00,sz000995,皇台酒业,7.07,7.15,7.07,7.11,14948,10622983.0,-0.01,-0.1404494382022472
2018-05-18,15:00,sz000995,皇台酒业,7.15,7.15,7.07,7.13,10236,7279568.5,0.02,0.2812939521800281
2018-05-21,15:00,sz000995,皇台酒业,7.12,7.23,7.05,7.15,15673,11203732.0,0.02,0.2805049088359046
2018-05-22,15:00,sz000995,皇台酒业,7.13,7.17,7.11,7.17,9057,6466656.5,0.02,0.2797202797202797
2018-05-23,15:00,sz000995,皇台酒业,7.13,7.35,7.13,7.16,20839,15049036.0,-0.01,-0.1394700139470014
2018-05-24,15:00,sz000995,皇台酒业,7.13,7.2,7.12,7.12,10796,7726665.0,-0.04,-0.5586592178770949
2018-05-25,15:00,sz000995,皇台酒业,7.09,7.17,7.06,7.14,10475,7459341.0,0.02,0.2808988764044944
2018-05-28,15:00,sz000995,皇台酒业,7.15,7.15,6.78,6.81,16989,11739842.0,-0.33,-4.621848739495799
2018-05-29,15:00,sz000995,皇台酒业,6.83,6.83,6.65,6.72,8827,5954835.5,-0.09,-1.3215859030837005
2018-05-30,15:00,sz000995,皇台酒业,6.73,6.73,6.38,6.38,11728,7695886.5,-0.34,-5.059523809523809
2018-05-31,15:00,sz000995,皇台酒业,6.47,6.7,6.3,6.41,13474,8731182.0,0.03,0.4702194357366771
2018-06-01,15:00,sz000995,皇台酒业,6.1,6.43,6.1,6.39,13778,8672982.0,-0.02,-0.31201248049922
2018-06-04,15:00,sz000995,皇台酒业,6.4,6.4,6.27,6.27,9103,5755824.0,-0.12,-1.8779342723004693
2018-06-05,15:00,sz000995,皇台酒业,6.26,6.4,6.23,6.38,9044,5715355.5,0.11,1.7543859649122806
2018-06-06,15:00,sz000995,皇台酒业,6.38,6.45,6.3,6.42,12114,7722721.0,0.04,0.6269592476489028
2018-06-07,15:00,sz000995,皇台酒业,6.38,6.45,6.26,6.36,10070,6393434.0,-0.06,-0.9345794392523364
2018-06-08,15:00,sz000995,皇台酒业,6.33,6.33,6.18,6.32,13098,8170816.0,-0.04,-0.628930817610063
2018-06-11,15:00,sz000995,皇台酒业,6.23,6.29,6.2,6.25,3817,2382726.0,-0.07,-1.1075949367088609
2018-06-12,15:00,sz000995,皇台酒业,6.23,6.28,6.16,6.28,11289,7035341.0,0.03,0.48
2018-06-13,15:00,sz000995,皇台酒业,6.23,6.24,5.97,5.97,10539,6439512.5,-0.31,-4.936305732484077
2018-06-14,15:00,sz000995,皇台酒业,5.95,5.96,5.73,5.79,17557,10216716.0,-0.18,-3.015075376884422
2018-06-15,15:00,sz000995,皇台酒业,5.78,5.85,5.5,5.58,14500,8145708.0,-0.21,-3.6269430051813463
2018-06-19,15:00,sz000995,皇台酒业,5.53,5.53,5.3,5.3,9923,5302719.0,-0.28,-5.017921146953405
2018-06-20,15:00,sz000995,皇台酒业,5.04,5.15,5.04,5.04,19833,10046880.0,-0.26,-4.905660377358491
2018-06-21,15:00,sz000995,皇台酒业,5.0,5.16,4.97,5.0,16597,8396066.0,-0.04,-0.7936507936507936
2018-06-22,15:00,sz000995,皇台酒业,4.97,5.08,4.76,5.03,8873,4380469.0,0.03,0.6
2018-06-25,15:00,sz000995,皇台酒业,5.08,5.28,5.04,5.28,16455,8612590.0,0.25,4.970178926441352
2018-06-26,15:00,sz000995,皇台酒业,5.3,5.54,5.29,5.54,6869,3756833.25,0.26,4.924242424242424
2018-06-27,15:00,sz000995,皇台酒业,5.82,5.82,5.63,5.82,6501,3779137.0,0.28,5.054151624548736
2018-06-28,15:00,sz000995,皇台酒业,6.11,6.11,6.11,6.11,2300,1405300.0,0.29,4.982817869415808
2018-06-29,15:00,sz000995,皇台酒业,6.42,6.42,6.01,6.42,44294,28040734.0,0.31,5.073649754500818
2018-07-02,15:00,sz000995,皇台酒业,6.6,6.74,6.42,6.74,50676,33812840.0,0.32,4.984423676012461
2018-07-03,15:00,sz000995,皇台酒业,6.75,7.08,6.41,6.47,49335,33337690.0,-0.27,-4.005934718100891
2018-07-04,15:00,sz000995,皇台酒业,6.3,6.45,6.15,6.15,26131,16340544.0,-0.32,-4.945904173106646
2018-07-05,15:00,sz000995,皇台酒业,6.16,6.39,5.85,6.1,18130,11096984.0,-0.05,-0.8130081300813009
2018-07-06,15:00,sz000995,皇台酒业,5.8,6.02,5.8,5.94,15806,9366600.0,-0.16,-2.622950819672131
2018-07-09,15:00,sz000995,皇台酒业,5.94,6.24,5.94,6.24,7660,4737473.0,0.3,5.05050505050505
2018-07-10,15:00,sz000995,皇台酒业,6.5,6.55,6.41,6.55,4331,2823523.0,0.31,4.967948717948718
2018-07-11,15:00,sz000995,皇台酒业,6.88,6.88,6.55,6.88,26730,18339160.0,0.33,5.038167938931298
2018-07-12,15:00,sz000995,皇台酒业,6.67,7.22,6.67,7.01,38513,27159726.0,0.13,1.88953488372093
2018-07-13,15:00,sz000995,皇台酒业,6.84,7.33,6.75,7.2,22181,15861982.0,0.19,2.710413694721826
2018-07-16,15:00,sz000995,皇台酒业,7.19,7.2,6.84,6.92,21333,14913136.0,-0.28,-3.888888888888889
2018-07-17,15:00,sz000995,皇台酒业,6.92,7.22,6.7,7.1,12477,8684742.0,0.18,2.601156069364162
2018-07-18,15:00,sz000995,皇台酒业,7.03,7.06,6.81,6.93,10273,7122857.0,-0.17,-2.3943661971830985
2018-07-19,15:00,sz000995,皇台酒业,6.98,6.98,6.76,6.79,7474,5112645.0,-0.14,-2.0202020202020203
2018-07-20,15:00,sz000995,皇台酒业,6.8,7.09,6.8,6.93,9470,6575701.0,0.14,2.061855670103093
2018-07-23,15:00,sz000995,皇台酒业,6.92,6.92,6.68,6.9,9529,6461591.0,-0.03,-0.4329004329004329
2018-07-24,15:00,sz000995,皇台酒业,6.9,6.92,6.8,6.88,8737,6000046.0,-0.02,-0.2898550724637681
2018-07-25,15:00,sz000995,皇台酒业,6.83,7.07,6.83,6.9,9903,6915460.0,0.02,0.2906976744186046
2018-07-26,15:00,sz000995,皇台酒业,6.8,6.98,6.8,6.98,8117,5607715.0,0.08,1.1594202898550725
2018-07-27,15:00,sz000995,皇台酒业,6.91,7.03,6.91,7.0,8714,6086036.0,0.02,0.2865329512893982
2018-07-30,15:00,sz000995,皇台酒业,7.01,7.06,6.85,6.95,5673,3947076.75,-0.05,-0.7142857142857143
2018-07-31,15:00,sz000995,皇台酒业,6.91,6.97,6.9,6.94,5106,3536029.0,-0.01,-0.1438848920863309
2018-08-01,15:00,sz000995,皇台酒业,6.81,6.94,6.6,6.83,6570,4494526.5,-0.11,-1.585014409221902
2018-08-02,15:00,sz000995,皇台酒业,6.79,6.79,6.49,6.52,10765,7022187.5,-0.31,-4.538799414348463
2018-08-03,15:00,sz000995,皇台酒业,6.27,6.56,6.27,6.45,4207,2708741.0,-0.07,-1.0736196319018405
2018-08-06,15:00,sz000995,皇台酒业,6.55,6.6,6.35,6.46,4539,2931756.0,0.01,0.1550387596899224
2018-08-07,15:00,sz000995,皇台酒业,6.46,6.57,6.46,6.54,4158,2712428.5,0.08,1.238390092879257
2018-08-08,15:00,sz000995,皇台酒业,6.59,6.87,6.48,6.87,7508,5042245.5,0.33,5.045871559633028
2018-08-09,15:00,sz000995,皇台酒业,6.93,7.1,6.86,6.9,13801,9612589.0,0.03,0.4366812227074235
2018-08-10,15:00,sz000995,皇台酒业,6.9,6.9,6.6,6.71,10476,7082170.5,-0.19,-2.753623188405797
2018-08-13,15:00,sz000995,皇台酒业,6.62,6.88,6.61,6.7,5666,3816664.25,-0.01,-0.1490312965722801
2018-08-14,15:00,sz000995,皇台酒业,6.74,6.83,6.68,6.69,3360,2261985.0,-0.01,-0.1492537313432836
2018-08-15,15:00,sz000995,皇台酒业,6.69,6.74,6.58,6.6,3415,2276002.0,-0.09,-1.345291479820628
2018-08-16,15:00,sz000995,皇台酒业,6.5,6.75,6.5,6.63,4771,3167051.5,0.03,0.4545454545454545
2018-08-17,15:00,sz000995,皇台酒业,6.63,6.75,6.4,6.49,4194,2744936.0,-0.14,-2.1116138763197587
2018-08-20,15:00,sz000995,皇台酒业,6.6,6.6,6.17,6.27,8671,5418609.0,-0.22,-3.389830508474576
2018-08-21,15:00,sz000995,皇台酒业,6.13,6.35,6.13,6.26,7770,4833624.5,-0.01,-0.1594896331738437
2018-08-22,15:00,sz000995,皇台酒业,6.26,6.31,6.13,6.13,4293,2651974.0,-0.13,-2.07667731629393
2018-08-23,15:00,sz000995,皇台酒业,6.13,6.17,5.94,6.05,7103,4294327.0,-0.08,-1.3050570962479608
2018-08-24,15:00,sz000995,皇台酒业,6.04,6.08,5.85,6.03,5121,3072783.0,-0.02,-0.3305785123966942
2018-08-27,15:00,sz000995,皇台酒业,5.97,6.06,5.96,6.03,9265,5568068.0,0.0,0.0
2018-08-28,15:00,sz000995,皇台酒业,6.03,6.25,6.02,6.06,9536,5835238.0,0.03,0.4975124378109453
2018-08-29,15:00,sz000995,皇台酒业,6.13,6.36,6.06,6.15,9467,5883783.5,0.09,1.4851485148514851
2018-08-30,15:00,sz000995,皇台酒业,6.15,6.17,5.95,6.02,6130,3730049.5,-0.13,-2.113821138211382
2018-08-31,15:00,sz000995,皇台酒业,6.06,6.06,5.92,6.0,4356,2602083.0,-0.02,-0.3322259136212624
2018-09-03,15:00,sz000995,皇台酒业,6.0,6.0,5.7,5.7,9501,5432406.0,-0.3,-5.0
2018-09-04,15:00,sz000995,皇台酒业,5.7,5.78,5.61,5.78,9415,5387751.0,0.08,1.4035087719298245
2018-09-05,15:00,sz000995,皇台酒业,5.84,5.88,5.62,5.82,6421,3722864.0,0.04,0.6920415224913495
2018-09-06,15:00,sz000995,皇台酒业,5.82,5.84,5.72,5.79,4840,2802017.0,-0.03,-0.5154639175257731
2018-09-07,15:00,sz000995,皇台酒业,5.78,5.83,5.66,5.7,4764,2727339.0,-0.09,-1.5544041450777202
2018-09-10,15:00,sz000995,皇台酒业,5.7,5.7,5.51,5.58,5626,3157104.0,-0.12,-2.1052631578947367
2018-09-11,15:00,sz000995,皇台酒业,5.56,5.63,5.53,5.57,3470,1939511.0,-0.01,-0.1792114695340501
2018-09-12,15:00,sz000995,皇台酒业,5.6,5.65,5.53,5.56,5978,3333058.0,-0.01,-0.1795332136445242
2018-09-13,15:00,sz000995,皇台酒业,5.51,5.6,5.5,5.59,3364,1864486.5,0.03,0.539568345323741
2018-09-14,15:00,sz000995,皇台酒业,5.59,5.62,5.52,5.58,2807,1567173.0,-0.01,-0.1788908765652951
2018-09-17,15:00,sz000995,皇台酒业,5.52,5.58,5.3,5.3,6020,3235906.5,-0.28,-5.017921146953405
2018-09-18,15:00,sz000995,皇台酒业,5.28,5.43,5.27,5.4,3461,1847306.5,0.1,1.8867924528301887
2018-09-19,15:00,sz000995,皇台酒业,5.36,5.5,5.35,5.44,3703,2019476.0,0.04,0.7407407407407408
2018-09-20,15:00,sz000995,皇台酒业,5.66,5.66,5.4,5.49,5130,2805435.0,0.05,0.9191176470588236
2018-09-21,15:00,sz000995,皇台酒业,5.49,5.55,5.43,5.52,5398,2969413.0,0.03,0.546448087431694
2018-09-25,15:00,sz000995,皇台酒业,5.52,5.52,5.39,5.45,4320,2353370.0,-0.07,-1.2681159420289856
2018-09-26,15:00,sz000995,皇台酒业,5.48,5.49,5.41,5.47,3477,1895798.0,0.02,0.3669724770642202
2018-09-27,15:00,sz000995,皇台酒业,5.49,5.74,5.42,5.74,12658,7111108.0,0.27,4.93601462522852
2018-09-28,15:00,sz000995,皇台酒业,5.78,5.88,5.53,5.66,10819,6137839.0,-0.08,-1.3937282229965158
2018-10-08,15:00,sz000995,皇台酒业,5.45,5.57,5.38,5.49,8245,4486600.0,-0.17,-3.0035335689045937
2018-10-09,15:00,sz000995,皇台酒业,5.41,5.56,5.4,5.52,4712,2586326.0,0.03,0.546448087431694
2018-10-11,15:00,sz000995,皇台酒业,5.24,5.35,5.24,5.24,12048,6323682.0,-0.28,-5.072463768115942
2018-10-12,15:00,sz000995,皇台酒业,5.23,5.23,4.98,5.11,9528,4821926.0,-0.13,-2.480916030534351
2018-10-15,15:00,sz000995,皇台酒业,5.04,5.14,4.97,5.02,7733,3919294.5,-0.09,-1.761252446183953
2018-10-16,15:00,sz000995,皇台酒业,4.99,5.15,4.77,4.8,8056,3920919.0,-0.22,-4.382470119521913
2018-10-17,15:00,sz000995,皇台酒业,4.81,4.9,4.56,4.85,7165,3444421.5,0.05,1.0416666666666663
2018-10-18,15:00,sz000995,皇台酒业,4.88,4.88,4.61,4.67,5744,2683563.75,-0.18,-3.711340206185567
2018-10-19,15:00,sz000995,皇台酒业,4.6,4.69,4.5,4.68,5165,2382479.0,0.01,0.2141327623126338
2018-10-22,15:00,sz000995,皇台酒业,4.91,4.91,4.91,4.91,1766,867106.0,0.23,4.914529914529915
2018-10-23,15:00,sz000995,皇台酒业,5.16,5.16,5.16,5.16,3199,1650689.125,0.25,5.091649694501019
2018-10-24,15:00,sz000995,皇台酒业,5.31,5.32,4.91,5.04,17262,8937674.0,-0.12,-2.3255813953488373
2018-10-25,15:00,sz000995,皇台酒业,4.8,5.1,4.79,5.06,11815,5758839.0,0.02,0.3968253968253968
2018-10-26,15:00,sz000995,皇台酒业,5.01,5.3,4.96,5.3,11201,5842125.5,0.24,4.743083003952568
2018-10-29,15:00,sz000995,皇台酒业,5.25,5.42,5.11,5.3,7004,3695963.25,0.0,0.0
2018-10-30,15:00,sz000995,皇台酒业,5.52,5.52,5.3,5.43,10814,5824517.5,0.13,2.4528301886792456
2018-10-31,15:00,sz000995,皇台酒业,5.35,5.65,5.2,5.57,11947,6619987.0,0.14,2.578268876611418
2018-11-01,15:00,sz000995,皇台酒业,5.58,5.6,5.44,5.44,10936,6029972.0,-0.13,-2.333931777378815
2018-11-02,15:00,sz000995,皇台酒业,5.44,5.6,5.44,5.56,8854,4897262.5,0.12,2.2058823529411766
2018-11-05,15:00,sz000995,皇台酒业,5.65,5.84,5.51,5.71,19357,11073995.0,0.15,2.697841726618705
2018-11-06,15:00,sz000995,皇台酒业,5.6,5.66,5.42,5.49,12053,6586175.5,-0.22,-3.852889667250438
2018-11-07,15:00,sz000995,皇台酒业,5.36,5.64,5.36,5.55,8493,4732502.5,0.06,1.092896174863388
2018-11-08,15:00,sz000995,皇台酒业,5.56,5.83,5.56,5.72,20420,11732993.0,0.17,3.063063063063063
2018-11-09,15:00,sz000995,皇台酒业,5.96,6.01,5.85,6.01,27637,16484430.0,0.29,5.06993006993007
2018-11-12,15:00,sz000995,皇台酒业,6.05,6.31,5.9,6.31,28638,17839060.0,0.3,4.991680532445924
2018-11-13,15:00,sz000995,皇台酒业,6.35,6.63,6.28,6.63,18183,11943259.0,0.32,5.071315372424722
2018-11-14,15:00,sz000995,皇台酒业,6.8,6.96,6.32,6.38,41038,26827228.0,-0.25,-3.770739064856712
2018-11-15,15:00,sz000995,皇台酒业,6.24,6.46,6.1,6.18,23022,14344060.0,-0.2,-3.1347962382445136
2018-11-16,15:00,sz000995,皇台酒业,5.95,6.32,5.95,6.2,23760,14712392.0,0.02,0.3236245954692557
2018-11-19,15:00,sz000995,皇台酒业,6.06,6.2,5.9,6.11,18644,11234716.0,-0.09,-1.4516129032258065
2018-11-20,15:00,sz000995,皇台酒业,5.99,6.05,5.89,5.92,12961,7714018.5,-0.19,-3.109656301145663
2018-11-21,15:00,sz000995,皇台酒业,5.87,6.02,5.8,5.97,12969,7707170.0,0.05,0.8445945945945946
2018-11-22,15:00,sz000995,皇台酒业,6.21,6.27,6.15,6.27,44131,27612302.0,0.3,5.025125628140704
2018-11-23,15:00,sz000995,皇台酒业,6.23,6.28,5.96,5.96,26648,16277719.0,-0.31,-4.944178628389154
2018-11-26,15:00,sz000995,皇台酒业,5.81,6.04,5.7,5.7,17944,10526602.0,-0.26,-4.362416107382551
2018-11-27,15:00,sz000995,皇台酒业,5.73,5.9,5.73,5.87,10657,6213771.0,0.17,2.982456140350877
2018-11-28,15:00,sz000995,皇台酒业,5.88,6.16,5.88,6.03,15182,9158843.0,0.16,2.72572402044293
2018-11-29,15:00,sz000995,皇台酒业,6.05,6.18,5.91,6.02,15882,9653895.0,-0.01,-0.165837479270315
2018-11-30,15:00,sz000995,皇台酒业,6.0,6.13,5.83,5.98,11430,6829246.0,-0.04,-0.6644518272425249
2018-12-03,15:00,sz000995,皇台酒业,6.09,6.15,6.02,6.08,15152,9214292.0,0.1,1.6722408026755853
2018-12-04,15:00,sz000995,皇台酒业,6.09,6.22,6.03,6.18,16129,9869254.0,0.1,1.644736842105263
2018-12-05,15:00,sz000995,皇台酒业,6.05,6.49,6.01,6.49,27791,17655086.0,0.31,5.016181229773463
2018-12-06,15:00,sz000995,皇台酒业,6.49,6.49,6.17,6.18,22074,13982444.0,-0.31,-4.776579352850539
2018-12-07,15:00,sz000995,皇台酒业,6.1,6.26,6.1,6.24,12723,7894425.0,0.06,0.9708737864077668
2018-12-10,15:00,sz000995,皇台酒业,6.39,6.49,6.26,6.39,17938,11474780.0,0.15,2.403846153846154
2018-12-11,15:00,sz000995,皇台酒业,6.39,6.62,6.2,6.31,15908,10152928.0,-0.08,-1.2519561815336464
2018-12-12,15:00,sz000995,皇台酒业,6.24,6.48,6.2,6.3,11647,7346406.5,-0.01,-0.1584786053882725
2018-12-13,15:00,sz000995,皇台酒业,6.27,6.44,6.17,6.29,9871,6212666.0,-0.01,-0.1587301587301587
2018-12-14,15:00,sz000995,皇台酒业,6.24,6.31,6.1,6.17,9557,5939986.0,-0.12,-1.9077901430842603
2018-12-17,15:00,sz000995,皇台酒业,6.2,6.2,6.02,6.07,9023,5488341.0,-0.1,-1.6207455429497568
2018-12-18,15:00,sz000995,皇台酒业,6.05,6.17,6.01,6.11,4999,3051457.0,0.04,0.6589785831960462
2018-12-19,15:00,sz000995,皇台酒业,6.07,6.25,6.07,6.15,7138,4401425.0,0.04,0.6546644844517185
2018-12-20,15:00,sz000995,皇台酒业,6.17,6.17,6.04,6.1,7273,4428485.0,-0.05,-0.8130081300813009
2018-12-21,15:00,sz000995,皇台酒业,6.1,6.15,6.02,6.07,7149,4339679.0,-0.03,-0.4918032786885246
2018-12-24,15:00,sz000995,皇台酒业,6.09,6.09,5.82,5.88,16489,9857864.0,-0.19,-3.130148270181219
2018-12-25,15:00,sz000995,皇台酒业,5.67,5.99,5.6,5.91,11466,6657309.0,0.03,0.5102040816326531
2018-12-26,15:00,sz000995,皇台酒业,5.88,6.09,5.75,5.81,11896,7012343.0,-0.1,-1.6920473773265652
2018-12-27,15:00,sz000995,皇台酒业,5.8,5.8,5.52,5.52,35814,19861882.0,-0.29,-4.991394148020654
2018-12-28,15:00,sz000995,皇台酒业,5.24,5.37,5.24,5.24,41023,21575488.0,-0.28,-5.072463768115942
2019-01-02,15:00,sz000995,皇台酒业,4.98,5.22,4.98,4.98,42268,21134588.0,-0.26,-4.961832061068702
2019-01-03,15:00,sz000995,皇台酒业,4.73,4.87,4.73,4.73,64282,30427800.0,-0.25,-5.020080321285141
2019-01-04,15:00,sz000995,皇台酒业,4.49,4.64,4.49,4.59,101635,45920556.0,-0.14,-2.9598308668076108
2019-01-07,15:00,sz000995,皇台酒业,4.54,4.58,4.43,4.55,76227,34394348.0,-0.04,-0.8714596949891068
2019-01-08,15:00,sz000995,皇台酒业,4.52,4.64,4.48,4.55,61464,27999924.0,0.0,0.0
2019-01-09,15:00,sz000995,皇台酒业,4.59,4.59,4.47,4.48,50934,23069260.0,-0.07,-1.5384615384615383
2019-01-10,15:00,sz000995,皇台酒业,4.48,4.5,4.41,4.46,28069,12525108.0,-0.02,-0.4464285714285714
2019-01-11,15:00,sz000995,皇台酒业,4.45,4.68,4.43,4.68,73372,33810108.0,0.22,4.932735426008969
2019-01-14,15:00,sz000995,皇台酒业,4.54,4.64,4.54,4.58,44930,20599902.0,-0.1,-2.1367521367521367
2019-01-15,15:00,sz000995,皇台酒业,4.58,4.77,4.56,4.7,46832,21745178.0,0.12,2.6200873362445414
2019-01-16,15:00,sz000995,皇台酒业,4.69,4.72,4.63,4.63,31915,14879735.0,-0.07,-1.4893617021276595
2019-01-17,15:00,sz000995,皇台酒业,4.61,4.69,4.61,4.62,26074,12100076.0,-0.01,-0.2159827213822894
2019-01-18,15:00,sz000995,皇台酒业,4.62,4.65,4.51,4.53,25355,11543289.0,-0.09,-1.948051948051948
2019-01-21,15:00,sz000995,皇台酒业,4.54,4.62,4.54,4.57,23479,10754499.0,0.04,0.8830022075055187
2019-01-22,15:00,sz000995,皇台酒业,4.45,4.53,4.34,4.34,53213,23440174.0,-0.23,-5.032822757111598
2019-01-23,15:00,sz000995,皇台酒业,4.27,4.35,4.16,4.28,41272,17524958.0,-0.06,-1.3824884792626728
2019-01-24,15:00,sz000995,皇台酒业,4.25,4.38,4.24,4.27,24584,10556195.0,-0.01,-0.233644859813084
2019-01-25,15:00,sz000995,皇台酒业,4.27,4.27,4.06,4.08,33348,13907630.0,-0.19,-4.449648711943794
2019-01-28,15:00,sz000995,皇台酒业,4.07,4.17,4.01,4.02,25449,10415473.0,-0.06,-1.4705882352941175
2019-01-29,15:00,sz000995,皇台酒业,4.02,4.02,3.82,3.82,35351,13617108.0,-0.2,-4.975124378109453
2019-01-30,15:00,sz000995,皇台酒业,3.8,3.97,3.77,3.87,36381,14061983.0,0.05,1.3089005235602094
2019-01-31,15:00,sz000995,皇台酒业,3.83,3.9,3.69,3.69,22092,8352919.0,-0.18,-4.651162790697675
2019-02-01,15:00,sz000995,皇台酒业,3.73,3.85,3.7,3.82,22428,8471337.0,0.13,3.523035230352303
2019-02-11,15:00,sz000995,皇台酒业,3.81,4.01,3.81,4.01,35952,14255304.0,0.19,4.973821989528796
2019-02-12,15:00,sz000995,皇台酒业,4.01,4.12,3.98,4.08,33069,13422912.0,0.07,1.7456359102244388
2019-02-13,15:00,sz000995,皇台酒业,4.07,4.13,4.01,4.11,22735,9232653.0,0.03,0.7352941176470588
2019-02-14,15:00,sz000995,皇台酒业,4.1,4.17,4.07,4.09,17860,7346353.0,-0.02,-0.48661800486618
2019-02-15,15:00,sz000995,皇台酒业,4.08,4.12,4.07,4.08,16691,6839377.0,-0.01,-0.2444987775061124
2019-02-18,15:00,sz000995,皇台酒业,4.1,4.28,4.08,4.28,35306,14849043.0,0.2,4.901960784313726
2019-02-19,15:00,sz000995,皇台酒业,4.25,4.31,4.18,4.22,29771,12631028.0,-0.06,-1.4018691588785046
2019-02-20,15:00,sz000995,皇台酒业,4.21,4.38,4.21,4.3,20860,8942018.0,0.08,1.895734597156398
2019-02-21,15:00,sz000995,皇台酒业,4.29,4.33,4.21,4.23,23617,10110091.0,-0.07,-1.627906976744186
2019-02-22,15:00,sz000995,皇台酒业,4.22,4.26,4.17,4.24,17777,7491443.0,0.01,0.2364066193853428
2019-02-25,15:00,sz000995,皇台酒业,4.23,4.4,4.21,4.38,37299,16102301.0,0.14,3.30188679245283
2019-02-26,15:00,sz000995,皇台酒业,4.4,4.4,4.29,4.36,59778,25957936.0,-0.02,-0.45662100456621
2019-02-27,15:00,sz000995,皇台酒业,4.34,4.56,4.31,4.43,57601,25574668.0,0.07,1.6055045871559634
2019-02-28,15:00,sz000995,皇台酒业,4.4,4.49,4.37,4.45,37997,16820684.0,0.02,0.4514672686230248
2019-03-01,15:00,sz000995,皇台酒业,4.45,4.54,4.41,4.5,55339,24833528.0,0.05,1.1235955056179776
2019-03-04,15:00,sz000995,皇台酒业,4.5,4.57,4.46,4.48,96678,43425368.0,-0.02,-0.4444444444444444
2019-03-05,15:00,sz000995,皇台酒业,4.44,4.46,4.36,4.45,66559,29318146.0,-0.03,-0.6696428571428571
2019-03-06,15:00,sz000995,皇台酒业,4.44,4.67,4.42,4.64,97934,44804752.0,0.19,4.269662921348314
2019-03-07,15:00,sz000995,皇台酒业,4.59,4.81,4.56,4.77,87500,41340640.0,0.13,2.8017241379310347
2019-03-08,15:00,sz000995,皇台酒业,4.78,4.81,4.53,4.53,69597,32172566.0,-0.24,-5.031446540880504
2019-03-11,15:00,sz000995,皇台酒业,4.4,4.48,4.31,4.48,75374,33320248.0,-0.05,-1.1037527593818983
2019-03-12,15:00,sz000995,皇台酒业,4.46,4.57,4.42,4.47,76846,34548096.0,-0.01,-0.2232142857142857
2019-03-13,15:00,sz000995,皇台酒业,4.48,4.49,4.27,4.33,47621,20998674.0,-0.14,-3.131991051454139
2019-03-14,15:00,sz000995,皇台酒业,4.31,4.41,4.25,4.31,43421,18793210.0,-0.02,-0.4618937644341801
2019-03-15,15:00,sz000995,皇台酒业,4.32,4.43,4.32,4.42,39363,17289408.0,0.11,2.5522041763341066
2019-03-18,15:00,sz000995,皇台酒业,4.47,4.64,4.41,4.64,78131,35769404.0,0.22,4.97737556561086
2019-03-19,15:00,sz000995,皇台酒业,4.65,4.77,4.56,4.66,70816,32983646.0,0.02,0.4310344827586206
2019-03-20,15:00,sz000995,皇台酒业,4.65,4.89,4.59,4.89,110039,53044548.0,0.23,4.935622317596566
2019-03-21,15:00,sz000995,皇台酒业,4.97,4.97,4.78,4.82,98819,48128368.0,-0.07,-1.4314928425357871
2019-03-22,15:00,sz000995,皇台酒业,4.8,4.84,4.62,4.75,82066,38610048.0,-0.07,-1.4522821576763485
2019-03-25,15:00,sz000995,皇台酒业,4.65,4.95,4.57,4.82,74603,35700056.0,0.07,1.4736842105263157
2019-03-26,15:00,sz000995,皇台酒业,4.8,4.95,4.7,4.76,65613,31845650.0,-0.06,-1.2448132780082988
2019-03-27,15:00,sz000995,皇台酒业,4.73,4.76,4.52,4.55,75333,34505744.0,-0.21,-4.411764705882353
2019-03-28,15:00,sz000995,皇台酒业,4.55,4.55,4.38,4.45,48501,21621346.0,-0.1,-2.197802197802198
2019-03-29,15:00,sz000995,皇台酒业,4.42,4.55,4.37,4.51,37409,16676113.0,0.06,1.348314606741573
2019-04-01,15:00,sz000995,皇台酒业,4.51,4.64,4.47,4.62,45277,20796268.0,0.11,2.4390243902439024
2019-04-02,15:00,sz000995,皇台酒业,4.62,4.85,4.61,4.85,73647,34846696.0,0.23,4.978354978354979
2019-04-03,15:00,sz000995,皇台酒业,4.83,5.08,4.75,4.98,65669,32263620.0,0.13,2.6804123711340204
2019-04-04,15:00,sz000995,皇台酒业,4.98,5.23,4.92,5.23,81602,41636544.0,0.25,5.020080321285141
2019-04-08,15:00,sz000995,皇台酒业,5.05,5.49,5.05,5.49,104518,56518212.0,0.26,4.97131931166348
2019-04-09,15:00,sz000995,皇台酒业,5.76,5.76,5.76,5.76,14994,8636556.0,0.27,4.918032786885246
2019-04-10,15:00,sz000995,皇台酒业,6.05,6.05,6.05,6.05,1362,824010.0,0.29,5.034722222222222
2019-04-11,15:00,sz000995,皇台酒业,6.35,6.35,6.35,6.35,10539,6692595.0,0.3,4.958677685950414
2019-04-12,15:00,sz000995,皇台酒业,6.67,6.67,6.03,6.67,213557,139606176.0,0.32,5.039370078740157
2019-04-15,15:00,sz000995,皇台酒业,7.0,7.0,6.81,7.0,33121,23150274.0,0.33,4.94752623688156
2019-04-16,15:00,sz000995,皇台酒业,7.35,7.35,7.35,7.35,5561,4087335.0,0.35,5.0
2019-04-17,15:00,sz000995,皇台酒业,7.72,7.72,7.72,7.72,1535,1185020.0,0.37,5.034013605442176
2019-04-18,15:00,sz000995,皇台酒业,8.11,8.11,8.11,8.11,1543,1251381.125,0.39,5.051813471502591
2019-04-19,15:00,sz000995,皇台酒业,8.1,8.52,7.7,8.52,147920,120380824.0,0.41,5.055487053020962
2019-04-22,15:00,sz000995,皇台酒业,8.21,8.8,8.09,8.15,93192,78089288.0,-0.37,-4.342723004694836
2019-04-23,15:00,sz000995,皇台酒业,7.74,7.98,7.74,7.74,27429,21251432.0,-0.41,-5.030674846625767
2019-04-24,15:00,sz000995,皇台酒业,7.35,7.6,7.35,7.35,126369,92958912.0,-0.39,-5.038759689922481
2019-04-25,15:00,sz000995,皇台酒业,7.37,7.58,7.15,7.47,64762,48222232.0,0.12,1.6326530612244898
2020-12-16,15:00,sz000995,皇台酒业,25.0,31.0,25.0,31.0,209698,611191552.0,23.53,314.99330655957164
2020-12-17,15:00,sz000995,皇台酒业,34.1,34.1,33.0,34.1,366854,1248134528.0,3.1,10.0
2020-12-18,15:00,sz000995,皇台酒业,35.0,37.5,30.69,36.4,476897,1643469440.0,2.3,6.744868035190615
2020-12-21,15:00,sz000995,皇台酒业,34.18,36.0,32.76,32.76,385511,1321051520.0,-3.64,-10.0
2020-12-22,15:00,sz000995,皇台酒业,30.25,33.99,30.25,31.99,332337,1079875968.0,-0.77,-2.3504273504273505
2020-12-23,15:00,sz000995,皇台酒业,31.02,33.5,28.82,30.3,372831,1159286016.0,-1.69,-5.282900906533292
2020-12-24,15:00,sz000995,皇台酒业,28.89,29.13,27.27,27.27,149343,413887136.0,-3.03,-10.0
2020-12-25,15:00,sz000995,皇台酒业,24.7,26.08,24.54,24.54,309686,774486144.0,-2.73,-10.011001100110011
2020-12-28,15:00,sz000995,皇台酒业,24.1,25.88,23.86,25.49,276686,692411136.0,0.95,3.871230643846781
2020-12-29,15:00,sz000995,皇台酒业,25.0,28.04,23.0,28.04,350041,868058176.0,2.55,10.003923107100825
2020-12-30,15:00,sz000995,皇台酒业,27.54,30.84,27.32,30.84,430214,1300308352.0,2.8,9.98573466476462
2020-12-31,15:00,sz000995,皇台酒业,31.42,33.46,30.11,31.9,443915,1411151616.0,1.06,3.437094682230869
2021-01-04,15:00,sz000995,皇台酒业,31.02,33.96,30.05,32.1,382968,1247509760.0,0.2,0.6269592476489028
2021-01-05,15:00,sz000995,皇台酒业,31.33,32.98,30.55,30.91,300048,952481152.0,-1.19,-3.707165109034268
2021-01-06,15:00,sz000995,皇台酒业,30.05,30.38,27.85,29.13,269124,779207168.0,-1.78,-5.75865415723067
2021-01-07,15:00,sz000995,皇台酒业,28.7,30.65,27.79,29.12,193334,560761216.0,-0.01,-0.0343288705801579
2021-01-08,15:00,sz000995,皇台酒业,29.12,30.5,28.26,28.36,182479,534143744.0,-0.76,-2.60989010989011
2021-01-11,15:00,sz000995,皇台酒业,27.5,27.69,25.58,25.79,175571,460311136.0,-2.57,-9.062059238363892
2021-01-12,15:00,sz000995,皇台酒业,25.3,28.33,25.3,27.89,190346,519321344.0,2.1,8.1426909654905
2021-01-13,15:00,sz000995,皇台酒业,27.01,28.36,26.0,26.25,148629,401179264.0,-1.64,-5.880243814987451
2021-01-14,15:00,sz000995,皇台酒业,26.0,26.08,24.06,24.22,130685,322978496.0,-2.03,-7.733333333333333
2021-01-15,15:00,sz000995,皇台酒业,24.0,24.79,23.28,24.25,114598,273983904.0,0.03,0.1238645747316267
2021-01-18,15:00,sz000995,皇台酒业,24.24,25.8,23.69,25.33,151787,375836768.0,1.08,4.453608247422681
2021-01-19,15:00,sz000995,皇台酒业,25.5,26.06,23.85,23.98,163921,406328032.0,-1.35,-5.329648637978682
2021-01-20,15:00,sz000995,皇台酒业,23.0,24.26,22.6,23.8,154558,359697056.0,-0.18,-0.7506255212677231
2021-01-21,15:00,sz000995,皇台酒业,23.55,24.98,23.3,24.24,189841,456470016.0,0.44,1.8487394957983196
2021-01-22,15:00,sz000995,皇台酒业,23.95,24.35,22.72,22.75,149372,347658720.0,-1.49,-6.146864686468647
2021-01-25,15:00,sz000995,皇台酒业,22.44,24.08,22.28,23.27,150560,351474176.0,0.52,2.2857142857142856
2021-01-26,15:00,sz000995,皇台酒业,22.88,22.9,21.0,21.1,164416,356438432.0,-2.17,-9.325311559948432
2021-01-27,15:00,sz000995,皇台酒业,20.6,21.5,19.78,20.92,143545,294119456.0,-0.18,-0.8530805687203791
2021-01-28,15:00,sz000995,皇台酒业,20.33,21.3,19.69,19.8,110047,222236320.0,-1.12,-5.353728489483748
2021-01-29,15:00,sz000995,皇台酒业,19.8,20.49,19.13,19.23,120586,238436176.0,-0.57,-2.878787878787879
2021-02-01,15:00,sz000995,皇台酒业,19.0,19.77,18.72,18.8,107685,206125760.0,-0.43,-2.236089443577743
2021-02-02,15:00,sz000995,皇台酒业,19.0,19.62,18.62,19.27,109786,209823344.0,0.47,2.5
2021-02-03,15:00,sz000995,皇台酒业,19.1,19.17,18.28,18.34,101090,188454944.0,-0.93,-4.826154644525168
2021-02-04,15:00,sz000995,皇台酒业,18.23,20.17,18.2,20.17,97749,195338048.0,1.83,9.978189749182116
2021-02-05,15:00,sz000995,皇台酒业,20.17,20.38,18.21,18.21,184364,352958624.0,-1.96,-9.717402082300444
2021-02-08,15:00,sz000995,皇台酒业,17.7,18.24,16.61,16.7,147343,252589264.0,-1.51,-8.292147171883581
2021-02-09,15:00,sz000995,皇台酒业,17.2,17.58,16.86,16.86,97200,166735520.0,0.16,0.9580838323353292
2021-02-10,15:00,sz000995,皇台酒业,16.64,17.37,16.64,16.7,92378,156938880.0,-0.16,-0.9489916963226572
2021-02-18,15:00,sz000995,皇台酒业,16.85,17.1,16.49,16.76,77903,130621352.0,0.06,0.3592814371257485
2021-02-19,15:00,sz000995,皇台酒业,17.0,18.44,16.72,18.44,149324,265276528.0,1.68,10.023866348448689
2021-02-22,15:00,sz000995,皇台酒业,18.0,19.13,17.31,18.27,186037,338592064.0,-0.17,-0.9219088937093276
2021-02-23,15:00,sz000995,皇台酒业,17.91,20.1,17.91,20.1,189904,371515040.0,1.83,10.016420361247947
2021-02-24,15:00,sz000995,皇台酒业,20.26,21.7,19.2,20.95,302886,616118720.0,0.85,4.228855721393035
2021-02-25,15:00,sz000995,皇台酒业,20.4,20.78,18.9,18.92,204783,402047968.0,-2.03,-9.689737470167064
2021-02-26,15:00,sz000995,皇台酒业,18.5,20.81,18.03,20.81,236251,475344704.0,1.89,9.989429175475689
2021-03-01,15:00,sz000995,皇台酒业,20.96,22.25,20.23,21.61,278508,593249728.0,0.8,3.844305622296973
2021-03-02,15:00,sz000995,皇台酒业,20.88,22.45,20.0,20.5,221959,468131712.0,-1.11,-5.136510874595095
2021-03-03,15:00,sz000995,皇台酒业,19.95,20.76,19.64,20.37,145944,294530080.0,-0.13,-0.6341463414634146
2021-03-04,15:00,sz000995,皇台酒业,19.81,20.08,18.67,19.06,173003,332965760.0,-1.31,-6.431026018654884
2021-03-05,15:00,sz000995,皇台酒业,19.0,20.16,18.17,19.33,172940,334316736.0,0.27,1.416579223504722
2021-03-08,15:00,sz000995,皇台酒业,18.76,19.84,18.24,18.35,142130,269720352.0,-0.98,-5.069839627521986
2021-03-09,15:00,sz000995,皇台酒业,18.26,19.5,17.6,18.52,162856,305073280.0,0.17,0.9264305177111716
2021-03-10,15:00,sz000995,皇台酒业,18.36,19.47,18.17,19.11,176912,333875424.0,0.59,3.185745140388769
2021-03-11,15:00,sz000995,皇台酒业,18.74,19.35,18.31,18.93,154792,291478720.0,-0.18,-0.9419152276295132
2021-03-12,15:00,sz000995,皇台酒业,18.61,18.83,17.48,17.86,157541,283545120.0,-1.07,-5.652403592181722
2021-03-15,15:00,sz000995,皇台酒业,17.49,17.93,16.97,17.07,104201,179929392.0,-0.79,-4.4232922732362825
2021-03-16,15:00,sz000995,皇台酒业,17.11,18.26,17.03,17.57,130058,228648336.0,0.5,2.9291154071470418
2021-03-17,15:00,sz000995,皇台酒业,17.25,18.4,17.11,17.98,146343,262592848.0,0.41,2.333523050654525
2021-03-18,15:00,sz000995,皇台酒业,17.91,18.43,17.68,17.68,112443,203473104.0,-0.3,-1.668520578420467
2021-03-19,15:00,sz000995,皇台酒业,17.28,18.15,17.28,17.52,90986,160452064.0,-0.16,-0.904977375565611
2021-03-22,15:00,sz000995,皇台酒业,17.32,18.15,17.32,17.66,82668,146191648.0,0.14,0.7990867579908676
2021-03-23,15:00,sz000995,皇台酒业,17.63,18.48,17.31,18.3,137816,248205888.0,0.64,3.6240090600226496
2021-03-24,15:00,sz000995,皇台酒业,18.2,20.13,17.9,20.13,226733,440471104.0,1.83,10.0
2021-03-25,15:00,sz000995,皇台酒业,20.09,20.34,18.99,19.22,214382,417109440.0,-0.91,-4.520615996025832
2021-03-26,15:00,sz000995,皇台酒业,18.88,19.97,18.6,19.39,198897,383082752.0,0.17,0.8844953173777315
2021-03-29,15:00,sz000995,皇台酒业,19.53,20.09,19.04,19.6,195043,383958304.0,0.21,1.083032490974729
2021-03-30,15:00,sz000995,皇台酒业,19.75,19.98,18.8,18.94,140881,269492960.0,-0.66,-3.36734693877551
2021-03-31,15:00,sz000995,皇台酒业,18.81,18.93,18.11,18.3,99568,182823552.0,-0.64,-3.37909186906019
2021-04-01,15:00,sz000995,皇台酒业,18.2,18.52,18.11,18.31,75099,137409680.0,0.01,0.0546448087431694
2021-04-02,15:00,sz000995,皇台酒业,18.45,19.35,18.45,18.86,133402,252770992.0,0.55,3.003823047515019
2021-04-06,15:00,sz000995,皇台酒业,18.5,18.85,18.34,18.62,87089,161234976.0,-0.24,-1.2725344644750796
2021-04-07,15:00,sz000995,皇台酒业,18.49,18.51,17.88,18.2,97024,175381936.0,-0.42,-2.255639097744361
2021-04-08,15:00,sz000995,皇台酒业,18.0,18.36,17.88,17.99,87331,157923584.0,-0.21,-1.153846153846154
2021-04-09,15:00,sz000995,皇台酒业,17.99,17.99,17.32,17.43,82665,144292544.0,-0.56,-3.11284046692607
2021-04-12,15:00,sz000995,皇台酒业,17.43,18.25,17.43,17.72,91563,162649216.0,0.29,1.663798049340218
2021-04-13,15:00,sz000995,皇台酒业,17.46,18.16,17.44,17.81,79032,140982064.0,0.09,0.5079006772009029
2021-04-14,15:00,sz000995,皇台酒业,17.59,17.89,16.9,17.41,85060,147403424.0,-0.4,-2.2459292532285238
2021-04-15,15:00,sz000995,皇台酒业,17.28,17.65,17.0,17.23,68105,117996600.0,-0.18,-1.0338885697874785
2021-04-16,15:00,sz000995,皇台酒业,17.15,18.58,17.03,18.0,152833,274966048.0,0.77,4.468949506674405
2021-04-19,15:00,sz000995,皇台酒业,17.8,18.75,17.52,18.37,154221,281189472.0,0.37,2.055555555555556
2021-04-20,15:00,sz000995,皇台酒业,18.25,20.21,18.07,20.21,245907,481194112.0,1.84,10.016330974414808
2021-04-21,15:00,sz000995,皇台酒业,19.83,22.23,19.44,22.23,419954,895182976.0,2.02,9.99505195447798
2021-04-22,15:00,sz000995,皇台酒业,22.0,22.0,20.67,21.15,343695,733952576.0,-1.08,-4.8582995951417
2021-04-23,15:00,sz000995,皇台酒业,20.65,21.35,19.9,20.02,241995,496487680.0,-1.13,-5.342789598108747
2021-04-26,15:00,sz000995,皇台酒业,19.9,20.3,19.41,19.47,165150,327425792.0,-0.55,-2.7472527472527477
2021-04-27,15:00,sz000995,皇台酒业,19.4,19.66,18.75,19.04,124184,236415184.0,-0.43,-2.2085259373394965
2021-04-28,15:00,sz000995,皇台酒业,19.0,20.49,18.87,20.07,235788,461226688.0,1.03,5.409663865546219
2021-04-29,15:00,sz000995,皇台酒业,19.67,19.7,18.06,18.06,238432,442396320.0,-2.01,-10.01494768310912
2021-04-30,15:00,sz000995,皇台酒业,17.9,18.19,17.5,17.98,111826,200599552.0,-0.08,-0.4429678848283499
2021-05-06,15:00,sz000995,皇台酒业,17.55,18.41,17.52,18.04,101458,182717264.0,0.06,0.3337041156840934
2021-05-07,15:00,sz000995,皇台酒业,18.0,18.06,17.52,17.82,89931,159511120.0,-0.22,-1.2195121951219512
2021-05-10,15:00,sz000995,皇台酒业,17.75,18.15,17.41,17.9,79912,142302544.0,0.08,0.4489337822671156
2021-05-11,15:00,sz000995,皇台酒业,17.8,19.48,17.7,19.17,184596,350449792.0,1.27,7.094972067039105
2021-05-12,15:00,sz000995,皇台酒业,19.03,19.03,18.5,18.62,134294,250935392.0,-0.55,-2.8690662493479397
2021-05-13,15:00,sz000995,皇台酒业,18.39,18.88,18.11,18.25,93851,172954688.0,-0.37,-1.9871106337271751
2021-05-14,15:00,sz000995,皇台酒业,18.38,18.8,18.0,18.44,90524,166829536.0,0.19,1.0410958904109588
2021-05-17,15:00,sz000995,皇台酒业,18.35,19.26,18.2,18.56,116924,219522688.0,0.12,0.6507592190889371
2021-05-18,15:00,sz000995,皇台酒业,18.5,18.7,18.01,18.45,99796,182356160.0,-0.11,-0.5926724137931034
2021-05-19,15:00,sz000995,皇台酒业,18.35,19.14,18.03,18.58,124266,231535600.0,0.13,0.7046070460704607
2021-05-20,15:00,sz000995,皇台酒业,18.35,19.81,18.31,19.4,229876,442322784.0,0.82,4.413347685683531
2021-05-21,15:00,sz000995,皇台酒业,19.32,20.13,19.02,19.09,189670,369654848.0,-0.31,-1.5979381443298968
2021-05-24,15:00,sz000995,皇台酒业,18.89,20.5,18.86,20.19,233214,465753056.0,1.1,5.762179151388161
2021-05-25,15:00,sz000995,皇台酒业,20.07,21.79,19.72,21.15,281807,587020416.0,0.96,4.75482912332838
2021-05-26,15:00,sz000995,皇台酒业,21.07,21.99,20.53,20.71,248321,525442048.0,-0.44,-2.0803782505910164
2021-05-27,15:00,sz000995,皇台酒业,20.36,22.37,20.02,21.34,242722,512564704.0,0.63,3.042008691453404
2021-05-28,15:00,sz000995,皇台酒业,21.51,21.75,20.22,21.13,244782,513809728.0,-0.21,-0.9840674789128396
2021-05-31,15:00,sz000995,皇台酒业,20.8,23.24,20.62,23.24,410204,920053184.0,2.11,9.985802176999528
2021-06-01,15:00,sz000995,皇台酒业,23.23,25.56,23.0,25.56,363663,890352448.0,2.32,9.982788296041308
2021-06-02,15:00,sz000995,皇台酒业,25.94,28.12,25.71,28.12,418125,1155009280.0,2.56,10.015649452269171
2021-06-03,15:00,sz000995,皇台酒业,28.0,30.93,26.15,28.7,519100,1517758336.0,0.58,2.062588904694168
2021-06-04,15:00,sz000995,皇台酒业,28.7,31.57,28.46,31.57,442888,1344742144.0,2.87,10.0
2021-06-07,15:00,sz000995,皇台酒业,31.9,34.73,31.68,34.73,365837,1225338368.0,3.16,10.00950269242952
2021-06-08,15:00,sz000995,皇台酒业,36.46,37.67,32.32,33.87,517234,1810671744.0,-0.86,-2.476245321048085
2021-06-09,15:00,sz000995,皇台酒业,32.3,37.26,31.69,37.26,503527,1759910400.0,3.39,10.0088573959256
2021-06-10,15:00,sz000995,皇台酒业,35.01,36.15,33.53,33.53,425868,1461901824.0,-3.73,-10.010735373054214
2021-06-11,15:00,sz000995,皇台酒业,31.01,34.4,30.38,31.26,355802,1147396480.0,-2.27,-6.770056665672532
2021-06-15,15:00,sz000995,皇台酒业,31.26,34.25,28.7,33.6,417855,1305335424.0,2.34,7.485604606525912
2021-06-16,15:00,sz000995,皇台酒业,32.2,32.93,30.24,30.24,290308,917051520.0,-3.36,-10.0
2021-06-17,15:00,sz000995,皇台酒业,29.0,33.26,29.0,33.26,455266,1485965312.0,3.02,9.986772486772487
2021-06-18,15:00,sz000995,皇台酒业,33.98,34.88,31.05,33.9,483793,1589835904.0,0.64,1.9242333132892364
2021-06-21,15:00,sz000995,皇台酒业,32.87,34.05,31.61,32.32,293536,961322624.0,-1.58,-4.660766961651917
2021-06-22,15:00,sz000995,皇台酒业,32.41,33.32,31.33,32.41,267718,860560512.0,0.09,0.2784653465346534
2021-06-23,15:00,sz000995,皇台酒业,31.82,32.05,30.8,31.01,199452,621356096.0,-1.4,-4.319654427645788
2021-06-24,15:00,sz000995,皇台酒业,30.5,30.72,28.5,28.98,216166,634744320.0,-2.03,-6.54627539503386
2021-06-25,15:00,sz000995,皇台酒业,28.32,31.0,28.03,30.16,260321,773305408.0,1.18,4.071773636991028
2021-06-28,15:00,sz000995,皇台酒业,29.68,31.0,29.13,30.06,191752,577627584.0,-0.1,-0.3315649867374005
2021-06-29,15:00,sz000995,皇台酒业,29.78,30.25,28.83,28.89,158292,464232960.0,-1.17,-3.892215568862276
2021-06-30,15:00,sz000995,皇台酒业,28.81,29.95,28.8,29.21,167181,492688448.0,0.32,1.107649705780547
2021-07-01,15:00,sz000995,皇台酒业,28.85,30.25,28.17,29.72,198900,584941952.0,0.51,1.7459774049982884
2021-07-02,15:00,sz000995,皇台酒业,29.5,29.5,27.11,27.36,202036,563134400.0,-2.36,-7.94078061911171
2021-07-05,15:00,sz000995,皇台酒业,27.01,28.0,26.41,27.16,127792,348757600.0,-0.2,-0.7309941520467835
2021-07-06,15:00,sz000995,皇台酒业,27.09,28.39,26.0,27.56,205377,553235328.0,0.4,1.4727540500736376
2021-07-07,15:00,sz000995,皇台酒业,27.15,28.38,26.87,27.68,173143,480788320.0,0.12,0.4354136429608127
2021-07-08,15:00,sz000995,皇台酒业,27.23,27.68,26.5,26.5,142785,384373792.0,-1.18,-4.263005780346821
2021-07-09,15:00,sz000995,皇台酒业,26.51,26.81,25.14,26.08,132892,342989568.0,-0.42,-1.5849056603773584
2021-07-12,15:00,sz000995,皇台酒业,25.91,26.39,25.55,26.2,115168,300316800.0,0.12,0.4601226993865031
2021-07-13,15:00,sz000995,皇台酒业,26.52,28.56,26.51,27.56,219499,606388352.0,1.36,5.190839694656488
2021-07-14,15:00,sz000995,皇台酒业,26.69,30.14,26.0,28.96,301687,855314304.0,1.4,5.079825834542816
2021-07-15,15:00,sz000995,皇台酒业,26.28,29.95,26.28,27.77,317116,885856512.0,-1.19,-4.109116022099448
2021-07-16,15:00,sz000995,皇台酒业,26.69,27.5,26.29,26.56,203319,542969344.0,-1.21,-4.357220021606049
2021-07-19,15:00,sz000995,皇台酒业,26.13,27.19,25.51,26.78,160611,424737568.0,0.22,0.8283132530120483
2021-07-20,15:00,sz000995,皇台酒业,26.55,29.0,26.21,28.58,291895,813438464.0,1.8,6.721433905899925
2021-07-21,15:00,sz000995,皇台酒业,28.24,28.96,27.9,28.15,202164,572308736.0,-0.43,-1.504548635409377
2021-07-22,15:00,sz000995,皇台酒业,28.05,28.43,26.51,26.82,190549,517465344.0,-1.33,-4.724689165186501
2021-07-23,15:00,sz000995,皇台酒业,26.66,26.77,25.8,25.85,131808,343171808.0,-0.97,-3.616703952274422
2021-07-26,15:00,sz000995,皇台酒业,25.46,25.46,23.31,23.65,165291,400614240.0,-2.2,-8.51063829787234
2021-07-27,15:00,sz000995,皇台酒业,23.56,23.93,22.11,22.15,135738,312395968.0,-1.5,-6.342494714587738
2021-07-28,15:00,sz000995,皇台酒业,22.1,23.71,20.52,23.56,169049,372919104.0,1.41,6.36568848758465
2021-07-29,15:00,sz000995,皇台酒业,23.39,23.76,22.61,22.89,128758,296996928.0,-0.67,-2.843803056027165
2021-07-30,15:00,sz000995,皇台酒业,22.89,22.89,21.4,21.48,116503,254075440.0,-1.41,-6.159895150720838
2021-08-02,15:00,sz000995,皇台酒业,21.01,23.63,20.71,23.63,165320,376681632.0,2.15,10.00931098696462
2021-08-03,15:00,sz000995,皇台酒业,23.0,25.78,23.0,24.47,257301,626417536.0,0.84,3.5548032162505288
2021-08-04,15:00,sz000995,皇台酒业,24.0,24.76,23.6,24.28,172399,416436032.0,-0.19,-0.7764609726195342
2021-08-05,15:00,sz000995,皇台酒业,23.38,25.3,22.98,23.97,178151,432335008.0,-0.31,-1.2767710049423393
2021-08-06,15:00,sz000995,皇台酒业,23.5,25.5,23.32,24.86,218246,536696576.0,0.89,3.712974551522737
2021-08-09,15:00,sz000995,皇台酒业,24.55,27.35,24.51,27.35,262728,702935872.0,2.49,10.01609010458568
2021-08-10,15:00,sz000995,皇台酒业,28.14,30.09,26.6,30.09,464652,1320160128.0,2.74,10.018281535648994
2021-08-11,15:00,sz000995,皇台酒业,29.48,31.53,29.11,29.56,409834,1230986624.0,-0.53,-1.7613825191093386
2021-08-12,15:00,sz000995,皇台酒业,29.72,30.58,28.27,28.57,304866,889711488.0,-0.99,-3.349120433017591
2021-08-13,15:00,sz000995,皇台酒业,28.01,29.54,27.8,28.46,249502,711493504.0,-0.11,-0.3850192509625481
2021-08-16,15:00,sz000995,皇台酒业,28.45,30.03,27.7,28.72,247336,718092224.0,0.26,0.9135628952916374
2021-08-17,15:00,sz000995,皇台酒业,28.2,28.42,26.62,26.67,225616,618718720.0,-2.05,-7.137883008356546
2021-08-18,15:00,sz000995,皇台酒业,26.52,27.42,26.0,26.9,159097,426097152.0,0.23,0.8623922009748781
2021-08-19,15:00,sz000995,皇台酒业,26.4,27.86,26.4,27.09,163114,442802144.0,0.19,0.7063197026022305
2021-08-20,15:00,sz000995,皇台酒业,25.99,26.35,24.38,25.41,182040,464206656.0,-1.68,-6.2015503875969
2021-08-23,15:00,sz000995,皇台酒业,25.32,26.67,25.0,25.82,144956,375861920.0,0.41,1.6135379771743408
2021-08-24,15:00,sz000995,皇台酒业,26.0,28.4,25.5,28.4,343445,945133312.0,2.58,9.992254066615027
2021-08-25,15:00,sz000995,皇台酒业,27.99,29.0,27.29,27.34,356859,1006841728.0,-1.06,-3.732394366197183
2021-08-26,15:00,sz000995,皇台酒业,26.51,27.88,26.23,26.65,213017,573288576.0,-0.69,-2.5237746891002195
2021-08-27,15:00,sz000995,皇台酒业,26.46,27.25,25.02,25.6,227582,594908096.0,-1.05,-3.9399624765478425
2021-08-30,15:00,sz000995,皇台酒业,24.1,26.5,23.33,25.38,212969,528308608.0,-0.22,-0.8593750000000001
2021-08-31,15:00,sz000995,皇台酒业,25.15,25.67,24.37,24.43,142621,354556288.0,-0.95,-3.743104806934594
2021-09-01,15:00,sz000995,皇台酒业,24.53,26.87,23.96,26.87,259678,675532480.0,2.44,9.987720016373313
2021-09-02,15:00,sz000995,皇台酒业,26.86,27.5,25.8,27.2,329826,883794560.0,0.33,1.2281354670636395
2021-09-03,15:00,sz000995,皇台酒业,26.71,29.37,26.29,27.91,342858,963178176.0,0.71,2.610294117647059
2021-09-06,15:00,sz000995,皇台酒业,27.64,30.01,27.3,28.78,337646,981128000.0,0.87,3.1171623074166965
2021-09-07,15:00,sz000995,皇台酒业,28.2,29.47,27.85,28.5,252085,720484416.0,-0.28,-0.9728978457261988
2021-09-08,15:00,sz000995,皇台酒业,28.52,28.8,27.74,28.4,208340,588016000.0,-0.1,-0.3508771929824561
2021-09-09,15:00,sz000995,皇台酒业,28.41,29.0,27.66,28.17,190558,539056960.0,-0.23,-0.8098591549295774
2021-09-10,15:00,sz000995,皇台酒业,28.12,29.9,27.87,29.9,315911,917908352.0,1.73,6.141285055023074
2021-09-13,15:00,sz000995,皇台酒业,29.33,30.2,28.56,28.87,228920,669480576.0,-1.03,-3.444816053511706
2021-09-14,15:00,sz000995,皇台酒业,28.8,31.76,28.73,29.58,306091,922155968.0,0.71,2.459300311742293
2021-09-15,15:00,sz000995,皇台酒业,28.9,28.9,27.3,28.6,219889,619991424.0,-0.98,-3.313049357674104
2021-09-16,15:00,sz000995,皇台酒业,28.2,29.95,27.8,28.67,258573,748089216.0,0.07,0.2447552447552447
2021-09-17,15:00,sz000995,皇台酒业,28.05,30.88,27.8,29.24,312770,911231808.0,0.57,1.988140913847227
2021-09-22,15:00,sz000995,皇台酒业,28.51,28.88,27.62,28.01,193077,543460160.0,-1.23,-4.20656634746922
2021-09-23,15:00,sz000995,皇台酒业,27.98,28.89,27.78,27.93,179400,507312928.0,-0.08,-0.2856122813280971
2021-09-24,15:00,sz000995,皇台酒业,27.58,28.93,27.25,27.74,184870,521074464.0,-0.19,-0.6802721088435374
2021-09-27,15:00,sz000995,皇台酒业,27.58,30.06,27.54,29.02,297172,863265920.0,1.28,4.614275414563807
2021-09-28,15:00,sz000995,皇台酒业,28.5,28.58,26.12,26.73,219065,588415808.0,-2.29,-7.8911095796002755
2021-09-29,15:00,sz000995,皇台酒业,26.2,27.35,26.0,26.05,146717,390688960.0,-0.68,-2.543958099513655
2021-09-30,15:00,sz000995,皇台酒业,25.97,26.47,25.13,25.96,119388,308421216.0,-0.09,-0.345489443378119
2021-10-08,15:00,sz000995,皇台酒业,25.96,26.8,25.66,26.35,118803,312983040.0,0.39,1.50231124807396
2021-10-11,15:00,sz000995,皇台酒业,26.34,27.27,26.2,26.46,113282,302419296.0,0.11,0.4174573055028462
2021-10-12,15:00,sz000995,皇台酒业,26.21,26.79,25.62,26.33,88741,232171696.0,-0.13,-0.4913076341647771
2021-10-13,15:00,sz000995,皇台酒业,26.21,28.5,26.2,27.33,195302,530231168.0,1.0,3.79794910748196
2021-10-14,15:00,sz000995,皇台酒业,26.89,27.51,26.4,26.78,137466,368258016.0,-0.55,-2.012440541529455
2021-10-15,15:00,sz000995,皇台酒业,25.9,26.46,25.52,26.05,113899,295808096.0,-0.73,-2.725914861837192
2021-10-18,15:00,sz000995,皇台酒业,25.89,26.0,24.01,24.48,147349,363997088.0,-1.57,-6.026871401151632
2021-10-19,15:00,sz000995,皇台酒业,24.46,25.25,24.32,24.77,84406,210408752.0,0.29,1.184640522875817
2021-10-20,15:00,sz000995,皇台酒业,24.77,25.28,24.39,25.0,85487,212320320.0,0.23,0.9285425918449738
2021-10-21,15:00,sz000995,皇台酒业,24.99,25.26,24.79,25.2,79712,199596768.0,0.2,0.8
2021-10-22,15:00,sz000995,皇台酒业,25.04,25.47,24.86,24.86,76971,193173296.0,-0.34,-1.3492063492063493
2021-10-25,15:00,sz000995,皇台酒业,24.73,25.17,24.18,25.08,67503,166096784.0,0.22,0.8849557522123894
2021-10-26,15:00,sz000995,皇台酒业,24.88,25.36,24.62,24.96,74713,187271184.0,-0.12,-0.4784688995215311
2021-10-27,15:00,sz000995,皇台酒业,24.88,24.9,24.0,24.16,78988,191517040.0,-0.8,-3.205128205128205
2021-10-28,15:00,sz000995,皇台酒业,24.25,24.85,24.0,24.03,65612,160091968.0,-0.13,-0.5380794701986755
2021-10-29,15:00,sz000995,皇台酒业,24.1,24.49,23.99,24.15,57649,138990432.0,0.12,0.4993757802746567
2021-11-01,15:00,sz000995,皇台酒业,23.62,24.3,22.99,23.72,67433,159138400.0,-0.43,-1.7805383022774328
2021-11-02,15:00,sz000995,皇台酒业,23.79,23.98,23.0,23.11,62693,146838912.0,-0.61,-2.5716694772344013
2021-11-03,15:00,sz000995,皇台酒业,22.9,23.06,22.44,22.52,68042,154147440.0,-0.59,-2.5530073561228903
2021-11-04,15:00,sz000995,皇台酒业,22.6,23.7,22.6,23.39,103916,241662496.0,0.87,3.8632326820603904
2021-11-05,15:00,sz000995,皇台酒业,23.05,23.7,23.0,23.01,71978,167568432.0,-0.38,-1.6246259085079091
2021-11-08,15:00,sz000995,皇台酒业,23.06,23.25,22.71,23.09,45161,103458720.0,0.08,0.3476749239461104
2021-11-09,15:00,sz000995,皇台酒业,23.09,23.56,22.92,23.39,57315,133317432.0,0.3,1.29926375054136
2021-11-10,15:00,sz000995,皇台酒业,23.42,23.6,23.04,23.21,48284,112248680.0,-0.18,-0.7695596408721677
2021-11-11,15:00,sz000995,皇台酒业,22.8,23.43,21.7,23.41,78255,178904064.0,0.2,0.8616975441619992
2021-11-12,15:00,sz000995,皇台酒业,23.31,23.55,23.0,23.0,55611,128844264.0,-0.41,-1.751388295600171
2021-11-15,15:00,sz000995,皇台酒业,22.9,23.18,22.62,22.71,47751,109060424.0,-0.29,-1.2608695652173914
2021-11-16,15:00,sz000995,皇台酒业,22.75,23.84,22.75,23.33,107720,251832112.0,0.62,2.730074856891237
2021-11-17,15:00,sz000995,皇台酒业,23.18,23.18,22.52,22.91,72960,165875872.0,-0.42,-1.8002571795970854
2021-11-18,15:00,sz000995,皇台酒业,22.8,23.17,22.61,22.83,48462,110962976.0,-0.08,-0.3491924923614142
2021-11-19,15:00,sz000995,皇台酒业,22.83,23.35,22.7,22.97,59616,137581360.0,0.14,0.613228208497591
2021-11-22,15:00,sz000995,皇台酒业,22.8,23.6,22.8,23.2,76007,176872992.0,0.23,1.001306051371354
2021-11-23,15:00,sz000995,皇台酒业,23.18,24.66,22.85,24.2,163149,389067680.0,1.0,4.310344827586207
2021-11-24,15:00,sz000995,皇台酒业,24.05,24.81,23.8,24.18,124051,301278528.0,-0.02,-0.0826446280991735
2021-11-25,15:00,sz000995,皇台酒业,23.9,24.37,23.36,23.49,92436,219240224.0,-0.69,-2.853598014888337
2021-11-26,15:00,sz000995,皇台酒业,23.45,23.45,23.03,23.16,50128,116332400.0,-0.33,-1.40485312899106
2021-11-29,15:00,sz000995,皇台酒业,22.8,23.4,22.7,23.24,49521,114597848.0,0.08,0.3454231433506045
2021-11-30,15:00,sz000995,皇台酒业,23.26,23.45,22.9,23.13,52534,121417496.0,-0.11,-0.4733218588640275
2021-12-01,15:00,sz000995,皇台酒业,23.29,24.38,23.27,23.93,111450,264891344.0,0.8,3.458711629917856
2021-12-02,15:00,sz000995,皇台酒业,23.96,24.75,23.65,23.75,103096,249208704.0,-0.18,-0.7521938988717092
2021-12-03,15:00,sz000995,皇台酒业,23.5,24.8,23.5,24.16,124925,303725248.0,0.41,1.7263157894736842
2021-12-06,15:00,sz000995,皇台酒业,24.17,24.23,23.35,23.73,81754,194457248.0,-0.43,-1.7798013245033113
2021-12-07,15:00,sz000995,皇台酒业,23.61,24.49,23.61,24.13,103074,248245840.0,0.4,1.685630004214075
2021-12-08,15:00,sz000995,皇台酒业,24.0,25.5,23.71,25.31,208538,517069888.0,1.18,4.890178201409034
2021-12-09,15:00,sz000995,皇台酒业,25.33,27.0,24.9,25.81,228601,592148352.0,0.5,1.975503753457132
2021-12-10,15:00,sz000995,皇台酒业,25.35,26.37,25.01,25.6,149790,384019712.0,-0.21,-0.8136381247578458
2021-12-13,15:00,sz000995,皇台酒业,25.76,26.91,25.46,26.55,193454,507307904.0,0.95,3.7109375
2021-12-14,15:00,sz000995,皇台酒业,26.17,29.21,25.87,28.28,272759,758833216.0,1.73,6.516007532956686
2021-12-15,15:00,sz000995,皇台酒业,27.6,30.0,26.7,28.53,286665,794059008.0,0.25,0.884016973125884
2021-12-16,15:00,sz000995,皇台酒业,27.9,29.1,27.4,27.52,184612,517395904.0,-1.01,-3.5401331931300386
2021-12-17,15:00,sz000995,皇台酒业,27.25,27.3,26.5,26.68,132478,355624576.0,-0.84,-3.0523255813953485
2021-12-20,15:00,sz000995,皇台酒业,25.99,26.95,25.51,25.66,123109,323286048.0,-1.02,-3.823088455772114
2021-12-21,15:00,sz000995,皇台酒业,25.66,27.42,25.4,26.61,140184,372450272.0,0.95,3.702260327357755
2021-12-22,15:00,sz000995,皇台酒业,26.35,26.8,26.0,26.11,98909,260041728.0,-0.5,-1.8789928598271328
2021-12-23,15:00,sz000995,皇台酒业,26.15,27.11,25.44,26.6,142287,373304384.0,0.49,1.876675603217158
2021-12-24,15:00,sz000995,皇台酒业,26.49,26.9,25.76,25.88,105146,276935840.0,-0.72,-2.706766917293233
2021-12-27,15:00,sz000995,皇台酒业,25.88,25.88,25.0,25.09,76083,191961184.0,-0.79,-3.052550231839258
2021-12-28,15:00,sz000995,皇台酒业,25.02,25.52,24.88,25.32,58121,146732512.0,0.23,0.9166998804304504
2021-12-29,15:00,sz000995,皇台酒业,25.29,25.4,24.6,24.63,74968,186145360.0,-0.69,-2.7251184834123223
2021-12-30,15:00,sz000995,皇台酒业,24.56,25.2,24.56,24.76,57313,142598512.0,0.13,0.5278116118554608
2021-12-31,15:00,sz000995,皇台酒业,24.88,25.31,24.4,25.11,65207,162971120.0,0.35,1.4135702746365104
