Date,secucode,open,high,low,close,volume,amount,change,change_ratio
2020-01-02,600893,21.7,22.76,21.56,22.37,159696,356074304.0,0.69,3.182656826568265
2020-01-03,600893,22.43,22.59,22.15,22.44,122536,274513056.0,0.07,0.3129190880643719
2020-01-06,600893,22.67,23.12,22.14,22.3,157699,355255232.0,-0.14,-0.6238859180035651
2020-01-07,600893,22.19,23.1,22.19,23.0,161767,368997216.0,0.7,3.1390134529147984
2020-01-08,600893,23.15,23.6,22.98,23.21,186023,432705984.0,0.21,0.9130434782608696
2020-01-09,600893,22.78,23.23,22.67,23.04,97092,222817360.0,-0.17,-0.7324429125376993
2020-01-10,600893,22.9,23.22,22.54,22.75,73782,168236976.0,-0.29,-1.2586805555555556
2020-01-13,600893,22.69,22.87,22.35,22.58,78670,177509872.0,-0.17,-0.7472527472527473
2020-01-14,600893,22.83,23.09,22.46,22.54,84608,192800800.0,-0.04,-0.1771479185119575
2020-01-15,600893,22.53,22.59,22.16,22.22,82246,183286592.0,-0.32,-1.419698314108252
2020-01-16,600893,22.34,22.68,22.24,22.27,63210,141895872.0,0.05,0.225022502250225
2020-01-17,600893,22.27,22.53,22.11,22.24,86095,191376976.0,-0.03,-0.1347103726986978
2020-01-20,600893,22.29,22.55,22.13,22.25,99787,222064672.0,0.01,0.0449640287769784
2020-01-21,600893,22.25,22.68,21.98,22.08,113292,252501840.0,-0.17,-0.7640449438202248
2020-01-22,600893,21.99,21.99,21.51,21.91,84560,183922800.0,-0.17,-0.7699275362318841
2020-01-23,600893,21.8,22.37,21.2,21.59,114844,249919168.0,-0.32,-1.460520310360566
2020-02-03,600893,19.43,19.72,19.43,19.43,121311,235948448.0,-2.16,-10.00463177396943
2020-02-04,600893,19.3,19.77,19.08,19.7,136669,267244368.0,0.27,1.3896037056098816
2020-02-05,600893,19.67,20.18,19.52,19.95,119397,238114144.0,0.25,1.269035532994924
2020-02-06,600893,20.07,20.35,19.86,20.18,112372,226481840.0,0.23,1.1528822055137844
2020-02-07,600893,20.18,21.0,20.03,20.8,119896,244178112.0,0.62,3.072348860257681
2020-02-10,600893,20.73,20.8,20.36,20.49,110507,226718000.0,-0.31,-1.4903846153846154
2020-02-11,600893,20.5,20.62,20.36,20.4,81070,166258688.0,-0.09,-0.4392386530014641
2020-02-12,600893,20.41,20.6,20.31,20.56,67113,137553168.0,0.16,0.7843137254901961
2020-02-13,600893,20.5,20.56,20.04,20.06,104553,211477168.0,-0.5,-2.4319066147859925
2020-02-14,600893,20.04,20.31,19.97,20.17,67004,135036752.0,0.11,0.5483549351944167
2020-02-17,600893,22.12,22.19,21.55,22.19,165703,365241920.0,2.02,10.014873574615766
2020-02-18,600893,24.41,24.41,24.41,24.41,53826,131391416.0,2.22,10.004506534474988
2020-02-19,600893,25.0,26.85,24.71,26.22,1300988,3384993792.0,1.81,7.414993854977468
2020-02-20,600893,25.71,25.71,24.55,25.07,766867,1929948672.0,-1.15,-4.385964912280701
2020-02-21,600893,25.1,27.0,24.8,26.18,622103,1606164480.0,1.11,4.427602712405266
2020-02-24,600893,25.69,25.86,25.13,25.44,394070,1003288768.0,-0.74,-2.826585179526356
2020-02-25,600893,24.6,24.95,23.3,24.49,463627,1126488448.0,-0.95,-3.734276729559748
2020-02-26,600893,24.0,25.12,23.77,23.77,341190,833882560.0,-0.72,-2.939975500204165
2020-02-27,600893,24.1,25.15,23.9,24.52,331301,816550848.0,0.75,3.155237694572991
2020-02-28,600893,23.51,24.1,23.09,23.1,294972,695624576.0,-1.42,-5.791190864600326
2020-03-02,600893,23.33,24.25,23.01,23.82,210796,499371936.0,0.72,3.116883116883117
2020-03-03,600893,23.94,25.96,23.91,24.57,377822,939160512.0,0.75,3.1486146095717884
2020-03-04,600893,24.29,25.65,24.29,25.09,282734,707343296.0,0.52,2.1164021164021163
2020-03-05,600893,25.4,25.85,24.67,25.12,273685,689347072.0,0.03,0.119569549621363
2020-03-06,600893,24.81,25.2,24.56,24.8,171244,425558016.0,-0.32,-1.2738853503184715
2020-03-09,600893,24.1,24.5,23.45,23.45,186662,446275008.0,-1.35,-5.443548387096774
2020-03-10,600893,23.2,24.39,23.11,24.28,160977,383024672.0,0.83,3.539445628997868
2020-03-11,600893,24.32,25.26,24.26,24.53,247288,615800896.0,0.25,1.029654036243822
2020-03-12,600893,24.05,24.99,23.85,24.19,168715,411021792.0,-0.34,-1.3860578883000407
2020-03-13,600893,23.36,25.05,23.27,24.8,289010,703326912.0,0.61,2.521703183133526
2020-03-16,600893,25.13,25.49,23.9,24.0,263888,654437888.0,-0.8,-3.225806451612903
2020-03-17,600893,24.25,24.6,23.05,23.81,165467,394980544.0,-0.19,-0.7916666666666667
2020-03-18,600893,24.0,24.29,23.1,23.1,149551,355981536.0,-0.71,-2.981940361192776
2020-03-19,600893,23.15,23.48,22.43,22.83,265058,606828160.0,-0.27,-1.1688311688311688
2020-03-20,600893,23.19,23.27,22.51,23.25,155100,356358112.0,0.42,1.8396846254927728
2020-03-23,600893,22.68,22.85,22.01,22.17,136273,305050688.0,-1.08,-4.645161290322581
2020-03-24,600893,22.61,22.7,21.94,22.47,95034,212079328.0,0.3,1.3531799729364005
2020-03-25,600893,22.91,22.94,22.45,22.8,111226,252694896.0,0.33,1.4686248331108145
2020-03-26,600893,22.62,22.71,22.15,22.29,96175,215491920.0,-0.51,-2.236842105263158
2020-03-27,600893,22.77,22.93,22.25,22.25,99848,225448576.0,-0.04,-0.1794526693584567
2020-03-30,600893,21.85,21.9,21.05,21.5,129488,277964288.0,-0.75,-3.3707865168539324
2020-03-31,600893,21.68,21.74,21.13,21.2,65531,140192224.0,-0.3,-1.3953488372093024
2020-04-01,600893,21.16,21.42,20.85,20.88,84749,179201968.0,-0.32,-1.509433962264151
2020-04-02,600893,20.88,21.52,20.86,21.52,84469,179291472.0,0.64,3.065134099616858
2020-04-03,600893,21.41,21.83,21.24,21.71,79452,170909472.0,0.19,0.8828996282527881
2020-04-07,600893,22.0,22.56,21.91,22.24,107753,239668928.0,0.53,2.4412713035467526
2020-04-08,600893,22.01,23.57,21.97,23.32,185213,423703072.0,1.08,4.856115107913669
2020-04-09,600893,23.28,23.44,22.92,23.25,84481,195746160.0,-0.07,-0.3001715265866209
2020-04-10,600893,23.2,23.2,22.62,22.68,82208,188086080.0,-0.57,-2.4516129032258065
2020-04-13,600893,22.7,22.7,22.17,22.29,69220,154482448.0,-0.39,-1.7195767195767195
2020-04-14,600893,22.4,22.75,22.26,22.74,57749,130177888.0,0.45,2.0188425302826376
2020-04-15,600893,22.7,22.9,22.49,22.64,54229,123089224.0,-0.1,-0.4397537379067722
2020-04-16,600893,22.52,23.46,22.39,22.99,113584,261688256.0,0.35,1.5459363957597174
2020-04-17,600893,23.15,23.23,22.58,22.78,108958,250057360.0,-0.21,-0.9134406263592866
2020-04-20,600893,23.0,23.67,22.9,23.58,159154,373255456.0,0.8,3.511852502194908
2020-04-21,600893,23.44,24.48,23.29,24.0,171702,409708480.0,0.42,1.7811704834605595
2020-04-22,600893,23.79,24.08,23.58,23.89,90269,214944896.0,-0.11,-0.4583333333333333
2020-04-23,600893,23.98,24.49,23.7,23.96,124647,300881056.0,0.07,0.2930096274591879
2020-04-24,600893,24.16,24.22,23.41,23.65,103760,246443552.0,-0.31,-1.2938230383973288
2020-04-27,600893,23.55,23.83,23.12,23.19,87969,205878480.0,-0.46,-1.945031712473573
2020-04-28,600893,23.62,23.78,22.61,23.45,135663,316370464.0,0.26,1.121172919361794
2020-04-29,600893,23.29,24.55,23.22,24.3,131577,317085344.0,0.85,3.624733475479744
2020-04-30,600893,24.22,24.95,24.12,24.75,145976,360008704.0,0.45,1.851851851851852
2020-05-06,600893,24.73,25.1,24.49,25.1,155853,387224064.0,0.35,1.414141414141414
2020-05-07,600893,24.95,25.06,24.7,24.96,107453,267659776.0,-0.14,-0.5577689243027889
2020-05-08,600893,24.96,25.33,24.77,24.87,131750,329768032.0,-0.09,-0.3605769230769231
2020-05-12,600893,24.81,24.87,24.3,24.46,107659,263592752.0,-0.41,-1.648572577402493
2020-05-13,600893,24.45,24.68,24.23,24.5,87088,212838144.0,0.04,0.1635322976287817
2020-05-14,600893,24.45,24.79,24.2,24.31,91653,224467232.0,-0.19,-0.7755102040816326
2020-05-15,600893,24.35,24.76,24.35,24.58,89414,219594608.0,0.27,1.1106540518305226
2020-05-18,600893,24.8,26.33,24.8,25.61,245876,631915648.0,1.03,4.19039869812856
2020-05-19,600893,25.7,25.83,25.35,25.7,121442,310740832.0,0.09,0.3514252245216712
2020-05-20,600893,25.62,25.88,24.95,25.05,122489,310045088.0,-0.65,-2.529182879377432
2020-05-21,600893,25.15,25.31,24.58,24.71,82659,206084544.0,-0.34,-1.3572854291417165
2020-05-22,600893,24.72,25.13,24.18,24.22,97867,240503760.0,-0.49,-1.9830028328611893
2020-05-25,600893,24.2,24.63,24.09,24.57,73330,179569200.0,0.35,1.4450867052023122
2020-05-26,600893,24.62,24.84,24.33,24.6,64628,158325216.0,0.03,0.1221001221001221
2020-05-27,600893,24.5,24.7,23.95,23.99,69253,167714256.0,-0.61,-2.479674796747968
2020-05-28,600893,24.01,24.24,23.72,24.05,65872,157678176.0,0.06,0.2501042100875364
2020-05-29,600893,23.9,24.24,23.81,24.05,74783,179785136.0,0.0,0.0
2020-06-01,600893,24.14,24.55,23.91,24.41,111694,271390496.0,0.36,1.496881496881497
2020-06-02,600893,24.4,25.0,24.33,24.41,104965,257960304.0,0.0,0.0
2020-06-03,600893,24.46,24.55,24.12,24.13,77900,189972720.0,-0.28,-1.1470708725931995
2020-06-04,600893,24.23,24.49,23.89,24.11,68407,165542896.0,-0.02,-0.0828843762950683
2020-06-05,600893,24.18,24.2,23.5,23.66,117994,280059392.0,-0.45,-1.8664454583160512
2020-06-08,600893,23.73,23.93,23.47,23.55,86133,204064672.0,-0.11,-0.4649196956889264
2020-06-09,600893,23.58,23.65,23.2,23.42,98313,229791920.0,-0.13,-0.5520169851380042
2020-06-10,600893,23.44,23.57,23.18,23.39,76397,178593920.0,-0.03,-0.1280956447480785
2020-06-11,600893,23.5,23.77,23.1,23.28,101186,236972832.0,-0.11,-0.470286447199658
2020-06-12,600893,22.9,23.35,22.85,23.3,97642,225898752.0,0.02,0.0859106529209622
2020-06-15,600893,23.03,23.21,22.69,22.7,113842,260880192.0,-0.6,-2.575107296137339
2020-06-16,600893,22.88,23.07,22.82,23.02,60882,139816912.0,0.32,1.4096916299559472
2020-06-17,600893,23.28,23.77,23.25,23.4,113015,264921584.0,0.38,1.6507384882710685
2020-06-18,600893,23.13,23.21,22.83,22.97,87270,200583104.0,-0.43,-1.8376068376068373
2020-06-19,600893,22.9,23.21,22.9,23.1,86898,200675472.0,0.13,0.5659555942533739
2020-06-22,600893,23.2,23.57,23.16,23.48,88188,206581552.0,0.38,1.645021645021645
2020-06-23,600893,23.55,23.68,23.38,23.65,91043,214612768.0,0.17,0.7240204429301533
2020-06-24,600893,23.6,23.6,23.22,23.35,72343,168895904.0,-0.3,-1.2684989429175475
2020-06-29,600893,23.29,24.15,23.16,23.56,118874,281486880.0,0.21,0.8993576017130621
2020-06-30,600893,23.68,23.68,23.3,23.48,98575,231361616.0,-0.08,-0.3395585738539898
2020-07-01,600893,23.51,24.02,23.33,23.89,143424,338321824.0,0.41,1.746166950596252
2020-07-02,600893,23.77,24.26,23.64,24.2,154996,370912608.0,0.31,1.297614064462118
2020-07-03,600893,24.28,24.82,24.1,24.4,196039,478637568.0,0.2,0.8264462809917356
2020-07-06,600893,24.8,26.45,24.71,26.19,381132,979221568.0,1.79,7.336065573770492
2020-07-07,600893,26.5,28.07,26.06,27.21,482492,1323363840.0,1.02,3.8946162657502863
2020-07-08,600893,27.05,29.93,27.04,29.93,531877,1530045440.0,2.72,9.99632488055862
2020-07-09,600893,32.85,32.92,31.8,32.92,752960,2457418496.0,2.99,9.989976612094887
2020-07-10,600893,33.5,34.74,31.87,32.2,881379,2934426368.0,-0.72,-2.187120291616039
2020-07-13,600893,32.15,32.9,31.45,32.5,563140,1817602304.0,0.3,0.9316770186335404
2020-07-14,600893,32.0,34.4,31.85,32.6,531466,1757923584.0,0.1,0.3076923076923077
2020-07-15,600893,32.61,32.99,30.69,31.15,433385,1370665216.0,-1.45,-4.447852760736196
2020-07-16,600893,31.3,31.87,29.74,29.82,304589,940083904.0,-1.33,-4.269662921348314
2020-07-17,600893,29.99,32.1,29.86,30.81,425211,1316365568.0,0.99,3.319919517102616
2020-07-20,600893,31.7,33.89,31.41,33.89,597965,1977280256.0,3.08,9.99675430055177
2020-07-21,600893,33.9,33.9,31.85,31.92,508302,1647685632.0,-1.97,-5.812924166420773
2020-07-22,600893,31.41,33.84,31.33,32.34,404549,1326201728.0,0.42,1.3157894736842104
2020-07-23,600893,33.0,35.45,32.29,34.41,648322,2197960704.0,2.07,6.40074211502783
2020-07-24,600893,34.94,37.12,33.6,34.21,779643,2779005440.0,-0.2,-0.5812263876780006
2020-07-27,600893,33.8,36.71,33.33,35.31,582581,2047813120.0,1.1,3.215434083601286
2020-07-28,600893,35.0,37.88,34.17,37.54,625230,2282002944.0,2.23,6.3154913622203335
2020-07-29,600893,37.0,38.24,36.5,38.04,497922,1860131840.0,0.5,1.3319126265316994
2020-07-30,600893,37.7,40.1,36.61,37.32,560062,2136615040.0,-0.72,-1.892744479495268
2020-07-31,600893,37.24,37.38,35.76,36.87,367795,1343018880.0,-0.45,-1.2057877813504825
2020-08-03,600893,37.1,40.56,37.1,40.56,623072,2474848256.0,3.69,10.00813669650122
2020-08-04,600893,41.0,41.18,38.92,39.59,500767,1987836288.0,-0.97,-2.391518737672584
2020-08-05,600893,39.57,43.55,39.37,42.55,645157,2703568128.0,2.96,7.476635514018691
2020-08-06,600893,42.01,46.81,41.87,46.55,789757,3545435904.0,4.0,9.400705052878966
2020-08-07,600893,46.0,51.21,45.2,51.21,799529,3934021888.0,4.66,10.010741138560688
2020-08-10,600893,53.0,56.33,50.01,50.12,1116409,5988792832.0,-1.09,-2.128490529193517
2020-08-11,600893,50.1,53.26,49.1,51.08,638500,3274853888.0,0.96,1.9154030327214684
2020-08-12,600893,49.1,49.51,46.01,47.55,609663,2918740480.0,-3.53,-6.910728269381362
2020-08-13,600893,49.1,50.32,47.81,49.0,418923,2065943936.0,1.45,3.0494216614090432
2020-08-14,600893,48.75,51.95,47.88,49.81,425538,2135554944.0,0.81,1.653061224489796
2020-08-17,600893,50.7,51.2,48.5,51.0,396083,1976522880.0,1.19,2.389078498293516
2020-08-18,600893,50.31,52.23,50.0,51.5,294357,1507811328.0,0.5,0.9803921568627452
2020-08-19,600893,50.99,51.4,47.61,47.9,354484,1734314240.0,-3.6,-6.990291262135923
2020-08-20,600893,47.0,48.69,46.02,46.61,338792,1589408256.0,-1.29,-2.693110647181628
2020-08-21,600893,47.17,47.92,45.59,46.0,303154,1409290112.0,-0.61,-1.3087320317528426
2020-08-24,600893,46.64,47.77,46.21,46.51,252894,1184509440.0,0.51,1.1086956521739129
2020-08-25,600893,46.66,46.97,41.86,43.82,661296,2887225344.0,-2.69,-5.783702429585035
2020-08-26,600893,44.0,44.84,40.8,41.04,617780,2601800192.0,-2.78,-6.344135098128708
2020-08-27,600893,41.65,42.04,40.41,41.79,378847,1569766912.0,0.75,1.827485380116959
2020-08-28,600893,42.49,44.5,41.6,43.89,477836,2052931968.0,2.1,5.025125628140704
2020-08-31,600893,44.2,46.3,43.53,44.64,512467,2306709504.0,0.75,1.7088174982911826
2020-09-01,600893,45.05,45.64,43.91,44.43,324843,1455636096.0,-0.21,-0.4704301075268817
2020-09-02,600893,45.64,45.65,42.83,43.0,341882,1499767808.0,-1.43,-3.218546027458924
2020-09-03,600893,42.18,44.27,41.76,43.5,301938,1295853440.0,0.5,1.162790697674419
2020-09-04,600893,42.53,43.47,42.25,42.87,172389,737150848.0,-0.63,-1.4482758620689655
2020-09-07,600893,43.09,43.26,40.77,40.99,245422,1027300416.0,-1.88,-4.385351061348263
2020-09-08,600893,41.5,41.59,39.52,40.28,286019,1155013632.0,-0.71,-1.7321297877531106
2020-09-09,600893,39.8,41.24,39.3,39.92,329948,1329502720.0,-0.36,-0.893743793445879
2020-09-10,600893,40.01,41.99,40.0,40.3,309162,1264483200.0,0.38,0.9519038076152304
2020-09-11,600893,40.03,40.85,39.28,40.75,191865,769134272.0,0.45,1.1166253101736971
2020-09-14,600893,41.25,41.38,39.08,39.93,242530,968792000.0,-0.82,-2.0122699386503067
2020-09-15,600893,40.11,41.25,39.83,40.25,171250,691517888.0,0.32,0.8014024542950162
2020-09-16,600893,40.25,40.5,39.29,39.4,151736,603242752.0,-0.85,-2.111801242236025
2020-09-17,600893,39.7,42.2,39.04,40.85,257338,1046897600.0,1.45,3.6802030456852792
2020-09-18,600893,40.9,42.11,40.86,41.57,311843,1296259072.0,0.72,1.7625458996328032
2020-09-21,600893,41.94,43.37,41.58,42.12,365901,1558342144.0,0.55,1.3230695212893913
2020-09-22,600893,40.98,41.25,39.76,40.53,211005,852066048.0,-1.59,-3.774928774928775
2020-09-23,600893,40.4,40.63,39.44,40.08,192555,770690880.0,-0.45,-1.1102886750555143
2020-09-24,600893,39.67,40.07,39.11,39.34,137038,542288768.0,-0.74,-1.8463073852295409
2020-09-25,600893,39.6,39.73,38.23,38.51,155435,603463424.0,-0.83,-2.1098118962887646
2020-09-28,600893,38.88,39.12,38.14,38.52,174477,674284672.0,0.01,0.0259672812256556
2020-09-29,600893,38.91,41.91,38.91,41.0,345036,1406636288.0,2.48,6.438213914849429
2020-09-30,600893,41.4,41.5,40.4,41.25,165320,677262208.0,0.25,0.6097560975609756
2020-10-09,600893,41.83,42.3,40.75,41.76,209942,872488640.0,0.51,1.2363636363636363
2020-10-12,600893,42.52,43.8,41.61,43.46,426896,1831192448.0,1.7,4.07088122605364
2020-10-13,600893,43.0,43.48,42.35,43.1,188857,810440832.0,-0.36,-0.8283479061205707
2020-10-14,600893,43.01,44.38,41.87,42.2,215097,921935424.0,-0.9,-2.088167053364269
2020-10-15,600893,42.0,42.63,41.33,41.33,141708,593841408.0,-0.87,-2.0616113744075832
2020-10-16,600893,41.2,41.65,39.67,39.87,203231,821058816.0,-1.46,-3.532542947011856
2020-10-19,600893,39.99,40.34,39.35,39.5,147135,586062272.0,-0.37,-0.9280160521695512
2020-10-20,600893,39.6,39.78,38.35,39.7,173416,676967616.0,0.2,0.5063291139240507
2020-10-21,600893,39.71,39.79,36.9,37.05,258339,979503616.0,-2.65,-6.675062972292191
2020-10-22,600893,36.82,37.24,36.08,36.83,143905,528455712.0,-0.22,-0.5937921727395412
2020-10-23,600893,37.02,37.6,35.55,35.84,173441,633470528.0,-0.99,-2.688026065707304
2020-10-26,600893,35.81,36.6,35.36,36.05,88571,318750624.0,0.21,0.5859375
2020-10-27,600893,36.13,36.75,35.8,36.46,131528,477496896.0,0.41,1.1373092926490984
2020-10-28,600893,36.45,36.45,35.33,36.06,128807,461355712.0,-0.4,-1.097092704333516
2020-10-29,600893,35.5,36.65,35.11,36.45,122852,442920544.0,0.39,1.0815307820299502
2020-10-30,600893,38.2,39.1,36.36,36.54,355644,1342284032.0,0.09,0.2469135802469135
2020-11-02,600893,36.9,37.05,34.5,35.93,312532,1108849536.0,-0.61,-1.6694033935413248
2020-11-03,600893,36.15,38.57,35.73,38.4,349095,1315074176.0,2.47,6.874478151962149
2020-11-04,600893,38.35,39.25,37.84,38.93,269209,1043234496.0,0.53,1.3802083333333333
2020-11-05,600893,38.7,39.15,36.91,38.52,277481,1054809600.0,-0.41,-1.0531723606473156
2020-11-06,600893,38.35,38.61,37.5,37.77,139224,527764288.0,-0.75,-1.947040498442368
2020-11-09,600893,37.7,38.26,36.6,38.22,321253,1206218752.0,0.45,1.1914217633042097
2020-11-10,600893,38.0,38.11,36.8,36.98,176875,661842688.0,-1.24,-3.2443746729461016
2020-11-11,600893,37.29,38.07,36.15,36.42,185377,686796416.0,-0.56,-1.5143320713899404
2020-11-12,600893,36.23,36.92,35.88,36.41,101088,367941888.0,-0.01,-0.0274574409665019
2020-11-13,600893,36.32,38.47,36.1,38.34,261645,987272896.0,1.93,5.300741554517989
2020-11-16,600893,38.34,39.1,38.06,38.69,187305,722809664.0,0.35,0.9128847157016172
2020-11-17,600893,38.67,38.75,36.4,36.66,248977,925164544.0,-2.03,-5.246833807185319
2020-11-18,600893,36.8,38.65,36.5,38.05,220203,830082560.0,1.39,3.791598472449536
2020-11-19,600893,38.21,41.67,37.91,41.0,553585,2216361984.0,2.95,7.752956636005257
2020-11-20,600893,41.0,42.95,41.0,41.94,559150,2350506752.0,0.94,2.292682926829268
2020-11-23,600893,42.75,43.15,41.07,42.28,447704,1898467968.0,0.34,0.8106819265617549
2020-11-24,600893,42.28,44.6,42.23,43.46,382136,1661954688.0,1.18,2.7909176915799434
2020-11-25,600893,43.0,43.77,41.3,41.58,360139,1525480064.0,-1.88,-4.325816843074091
2020-11-26,600893,41.61,43.88,41.16,42.91,361459,1534867968.0,1.33,3.1986531986531985
2020-11-27,600893,42.96,46.43,42.23,45.0,506552,2255051264.0,2.09,4.870659519925425
2020-11-30,600893,44.8,46.43,44.2,45.32,366821,1661600896.0,0.32,0.7111111111111111
2020-12-01,600893,45.77,48.79,45.34,48.0,411937,1945876864.0,2.68,5.913503971756398
2020-12-02,600893,47.34,48.78,47.0,47.42,303958,1452472448.0,-0.58,-1.2083333333333333
2020-12-03,600893,46.9,47.5,45.8,46.3,283507,1317901056.0,-1.12,-2.361872627583298
2020-12-04,600893,46.35,48.33,45.37,48.0,341226,1602761728.0,1.7,3.67170626349892
2020-12-07,600893,47.9,49.31,47.7,47.7,308772,1494844288.0,-0.3,-0.625
2020-12-08,600893,47.44,48.27,46.33,46.99,261071,1232658432.0,-0.71,-1.4884696016771488
2020-12-09,600893,46.9,47.29,44.8,44.9,328879,1514069760.0,-2.09,-4.447754841455629
2020-12-10,600893,44.5,45.69,44.11,45.05,263323,1185456256.0,0.15,0.3340757238307349
2020-12-11,600893,45.28,45.48,43.52,44.15,305661,1349277824.0,-0.9,-1.9977802441731407
2020-12-14,600893,44.43,46.3,43.81,45.75,317666,1446948608.0,1.6,3.6240090600226496
2020-12-15,600893,45.49,46.87,44.9,45.57,251265,1150397696.0,-0.18,-0.3934426229508196
2020-12-16,600893,45.34,46.58,44.95,45.85,213633,977670528.0,0.28,0.6144393241167435
2020-12-17,600893,45.8,45.88,42.88,44.02,434161,1907839488.0,-1.83,-3.9912758996728464
2020-12-18,600893,44.34,45.13,43.69,43.77,253248,1123718016.0,-0.25,-0.5679236710586097
2020-12-21,600893,43.4,47.3,43.4,46.73,431260,1970358656.0,2.96,6.762622801005255
2020-12-22,600893,46.49,47.54,45.74,45.88,362223,1689586176.0,-0.85,-1.8189599828803769
2020-12-23,600893,46.38,50.47,46.09,50.47,600619,2916942592.0,4.59,10.004359197907585
2020-12-24,600893,51.0,53.27,50.11,50.45,686410,3538824448.0,-0.02,-0.0396275014860313
2020-12-25,600893,50.99,52.5,49.15,51.93,372063,1895434880.0,1.48,2.933597621407334
2020-12-28,600893,52.1,53.67,51.16,53.0,394300,2065348352.0,1.07,2.060466011939149
2020-12-29,600893,52.75,53.45,51.03,51.32,336444,1750826880.0,-1.68,-3.1698113207547167
2020-12-30,600893,50.61,55.65,50.48,54.3,492163,2627389696.0,2.98,5.806703039750585
2020-12-31,600893,54.72,59.73,54.22,59.35,644213,3682400512.0,5.05,9.300184162062616
2021-01-04,600893,60.7,65.29,59.88,65.29,666837,4212636160.0,5.94,10.008424599831509
2021-01-05,600893,65.3,69.98,64.0,67.3,712342,4749540864.0,2.01,3.078572522591515
2021-01-06,600893,66.75,71.9,65.65,68.5,652972,4516858368.0,1.2,1.7830609212481423
2021-01-07,600893,68.52,75.35,67.67,75.34,832658,6050978304.0,6.84,9.985401459854016
2021-01-08,600893,75.0,76.53,70.84,74.22,770365,5644379648.0,-1.12,-1.4865941067162198
2021-01-11,600893,76.8,77.8,68.69,69.55,941805,6943592960.0,-4.67,-6.292104554028563
2021-01-12,600893,69.62,75.88,69.62,74.8,825764,6037890048.0,5.25,7.548526240115025
2021-01-13,600893,76.0,80.76,73.11,77.9,884965,6831555584.0,3.1,4.144385026737968
2021-01-14,600893,75.5,76.13,70.11,70.11,1033679,7425849344.0,-7.79,-10.0
2021-01-15,600893,68.71,70.15,63.7,66.9,991612,6618109440.0,-3.21,-4.5785194694052205
2021-01-18,600893,66.84,68.82,66.45,68.02,578842,3927224832.0,1.12,1.674140508221226
2021-01-19,600893,66.7,69.54,64.9,66.8,593917,3965627904.0,-1.22,-1.7935901205527789
2021-01-20,600893,66.56,71.5,65.3,70.9,766313,5277414400.0,4.1,6.137724550898203
2021-01-21,600893,69.89,75.24,69.25,73.08,708000,5137080832.0,2.18,3.07475317348378
2021-01-22,600893,72.7,75.91,72.33,75.47,636216,4741221376.0,2.39,3.270388615216201
2021-01-25,600893,76.8,80.01,72.93,74.65,902984,6937328640.0,-0.82,-1.086524446800053
2021-01-26,600893,73.1,73.5,67.19,67.19,1029234,7119583744.0,-7.46,-9.99330207635633
2021-01-27,600893,65.5,66.47,63.21,65.18,730760,4736238592.0,-2.01,-2.991516594731359
2021-01-28,600893,63.65,65.06,61.4,62.2,611410,3858704384.0,-2.98,-4.571954587296717
2021-01-29,600893,63.0,63.1,57.25,59.59,681519,4090702336.0,-2.61,-4.196141479099678
2021-02-01,600893,60.19,60.89,58.98,59.8,375646,2251755264.0,0.21,0.352408122168149
2021-02-02,600893,59.9,61.6,58.0,60.99,548879,3300003840.0,1.19,1.9899665551839465
2021-02-03,600893,61.0,61.38,58.01,58.59,429445,2552619264.0,-2.4,-3.935071323167732
2021-02-04,600893,57.19,59.56,56.89,57.33,365952,2116817664.0,-1.26,-2.1505376344086025
2021-02-05,600893,58.59,59.37,55.88,55.89,346764,1994588416.0,-1.44,-2.511773940345369
2021-02-08,600893,56.5,58.0,55.69,57.65,371461,2125433344.0,1.76,3.1490427625693327
2021-02-09,600893,57.88,63.42,57.75,63.42,552194,3373276416.0,5.77,10.008673026886385
2021-02-10,600893,64.99,65.19,61.6,64.91,626371,4003140352.0,1.49,2.349416587827184
2021-02-18,600893,65.75,66.7,62.78,63.13,587227,3768128000.0,-1.78,-2.742258511785549
2021-02-19,600893,62.54,64.28,61.76,63.38,336692,2120739328.0,0.25,0.396008236971329
2021-02-22,600893,63.33,63.33,57.5,58.06,600469,3638767616.0,-5.32,-8.393815083622593
2021-02-23,600893,56.8,61.78,56.11,60.36,537766,3216650240.0,2.3,3.961419221495005
2021-02-24,600893,61.5,62.58,59.4,61.74,513514,3143448832.0,1.38,2.286282306163022
2021-02-25,600893,61.72,65.44,60.3,64.23,640578,4066641152.0,2.49,4.033041788143829
2021-02-26,600893,62.23,64.5,59.3,60.18,532651,3273211136.0,-4.05,-6.305464736104624
2021-03-01,600893,60.59,62.87,58.71,62.85,397602,2425260032.0,2.67,4.436689930209372
2021-03-02,600893,63.37,66.89,61.91,66.08,669471,4295520256.0,3.23,5.139220365950676
2021-03-03,600893,64.5,66.7,64.2,65.85,462742,3026796288.0,-0.23,-0.3480629539951573
2021-03-04,600893,65.2,68.68,64.25,64.78,589317,3912200192.0,-1.07,-1.6249050873196658
2021-03-05,600893,62.92,62.95,59.0,59.27,596075,3613483008.0,-5.51,-8.505711639394875
2021-03-08,600893,58.37,59.59,53.34,53.34,759749,4214697216.0,-5.93,-10.005061582588157
2021-03-09,600893,51.03,51.79,48.01,48.25,739441,3639336960.0,-5.09,-9.542557180352455
2021-03-10,600893,49.0,49.3,48.0,48.48,368012,1788132480.0,0.23,0.4766839378238341
2021-03-11,600893,48.15,50.17,47.58,49.35,379753,1868499200.0,0.87,1.7945544554455444
2021-03-12,600893,49.5,49.55,47.28,48.21,348311,1679267712.0,-1.14,-2.310030395136778
2021-03-15,600893,48.0,49.15,46.6,47.16,306487,1466537984.0,-1.05,-2.177971375233354
2021-03-16,600893,47.95,48.0,46.06,46.48,236708,1106192384.0,-0.68,-1.441899915182358
2021-03-17,600893,46.73,47.8,46.49,47.31,273629,1291616384.0,0.83,1.7857142857142856
2021-03-18,600893,47.23,49.2,47.0,48.1,339299,1633941888.0,0.79,1.6698372437116888
2021-03-19,600893,47.0,49.95,46.57,48.62,464101,2252865280.0,0.52,1.0810810810810811
2021-03-22,600893,48.0,48.76,47.09,47.93,255838,1223768064.0,-0.69,-1.4191690662278895
2021-03-23,600893,47.65,48.74,47.28,47.38,231668,1106605184.0,-0.55,-1.1475067807218862
2021-03-24,600893,46.87,47.77,44.07,44.55,445174,2010958720.0,-2.83,-5.97298438159561
2021-03-25,600893,44.18,45.95,44.17,45.39,253814,1148356352.0,0.84,1.8855218855218847
2021-03-26,600893,45.39,46.8,45.39,46.76,228093,1054995712.0,1.37,3.0182859660718218
2021-03-29,600893,47.14,49.0,47.02,47.75,340106,1632874752.0,0.99,2.1171941830624466
2021-03-30,600893,48.14,52.28,48.06,50.65,600496,3029135872.0,2.9,6.073298429319372
2021-03-31,600893,48.6,48.6,45.59,45.59,647125,2996916480.0,-5.06,-9.990128331688055
2021-04-01,600893,44.7,45.72,44.55,45.14,333953,1505477120.0,-0.45,-0.9870585654748848
2021-04-02,600893,45.18,46.3,44.96,45.79,292883,1336479616.0,0.65,1.439964554718653
2021-04-06,600893,45.99,46.62,45.8,46.2,229687,1062078912.0,0.41,0.8953920069884254
2021-04-07,600893,46.21,46.28,45.31,45.6,180855,825705152.0,-0.6,-1.2987012987012987
2021-04-08,600893,45.54,46.15,45.02,45.45,164601,749867456.0,-0.15,-0.3289473684210526
2021-04-09,600893,45.84,46.35,43.66,44.08,318903,1421749376.0,-1.37,-3.014301430143014
2021-04-12,600893,43.5,43.96,41.45,41.78,437299,1850677120.0,-2.3,-5.217785843920145
2021-04-13,600893,41.49,42.18,41.16,41.5,197199,820847936.0,-0.28,-0.6701771182383915
2021-04-14,600893,41.49,42.45,41.16,42.37,220116,921775552.0,0.87,2.096385542168675
2021-04-15,600893,42.2,42.3,41.54,42.06,150189,629187968.0,-0.31,-0.7316497521831484
2021-04-16,600893,42.3,42.5,41.4,41.85,175075,732352640.0,-0.21,-0.4992867332382311
2021-04-19,600893,41.8,43.3,41.34,43.05,306411,1304956672.0,1.2,2.867383512544803
2021-04-20,600893,42.8,43.89,42.52,43.26,329465,1424023424.0,0.21,0.4878048780487805
2021-04-21,600893,43.2,43.89,42.21,42.68,323053,1386110976.0,-0.58,-1.3407304669440592
2021-04-22,600893,42.71,43.96,42.71,42.98,322027,1391032960.0,0.3,0.7029053420805998
2021-04-23,600893,42.7,43.48,42.08,42.56,302395,1291275904.0,-0.42,-0.9771986970684038
2021-04-26,600893,42.64,44.73,42.57,42.93,453772,1977096832.0,0.37,0.869360902255639
2021-04-27,600893,42.65,42.75,40.84,41.26,315947,1311170816.0,-1.67,-3.890053575588167
2021-04-28,600893,40.96,42.21,40.89,42.19,228231,951676544.0,0.93,2.2539990305380515
2021-04-29,600893,42.33,43.42,41.81,41.95,291836,1236220416.0,-0.24,-0.5688551789523584
2021-04-30,600893,40.0,40.0,37.76,37.89,795176,3048567808.0,-4.06,-9.678188319427887
2021-05-06,600893,37.85,39.97,37.66,39.37,523645,2038018944.0,1.48,3.906043811031935
2021-05-07,600893,39.18,39.45,38.49,38.51,215873,839312960.0,-0.86,-2.1844043688087376
2021-05-10,600893,38.52,38.6,37.32,37.8,222622,838313792.0,-0.71,-1.8436769670215527
2021-05-11,600893,38.0,40.22,37.78,39.43,421916,1646675968.0,1.63,4.3121693121693125
2021-05-12,600893,39.0,39.73,38.82,39.66,206137,808249920.0,0.23,0.5833121988333756
2021-05-13,600893,39.23,41.05,39.08,39.15,329893,1319391872.0,-0.51,-1.2859304084720122
2021-05-14,600893,39.45,41.95,38.76,41.9,548771,2238177024.0,2.75,7.0242656449553005
2021-05-17,600893,42.15,43.07,41.13,41.47,484188,2025630592.0,-0.43,-1.026252983293556
2021-05-18,600893,41.4,44.55,41.05,43.84,615838,2660151296.0,2.37,5.714974680491921
2021-05-19,600893,43.44,43.93,42.9,43.6,409566,1777508608.0,-0.24,-0.5474452554744526
2021-05-20,600893,43.4,44.57,43.1,43.18,414357,1814437760.0,-0.42,-0.963302752293578
2021-05-21,600893,43.21,43.5,41.96,42.09,319079,1350483840.0,-1.09,-2.524316813339509
2021-05-24,600893,42.0,42.84,41.88,42.35,204975,868843072.0,0.26,0.6177239249227845
2021-05-25,600893,42.69,46.59,42.05,46.59,840819,3826360320.0,4.24,10.011806375442738
2021-05-26,600893,47.8,49.45,47.2,48.7,1031979,5003236352.0,2.11,4.528868855977677
2021-05-27,600893,48.55,49.88,47.9,48.84,513874,2507587072.0,0.14,0.2874743326488706
2021-05-28,600893,48.35,51.12,47.9,50.79,674185,3348485376.0,1.95,3.992628992628992
2021-05-31,600893,51.15,54.22,49.85,53.99,827354,4322923520.0,3.2,6.3004528450482375
2021-06-01,600893,53.97,55.3,52.6,53.06,718909,3868675584.0,-0.93,-1.7225412113354326
2021-06-02,600893,52.6,54.54,51.6,52.1,585468,3091178496.0,-0.96,-1.8092725216735768
2021-06-03,600893,51.81,52.54,49.88,50.3,560186,2859246336.0,-1.8,-3.45489443378119
2021-06-04,600893,50.14,51.87,49.87,51.13,518650,2639659008.0,0.83,1.650099403578529
2021-06-07,600893,51.51,53.4,51.0,52.0,541249,2817929472.0,0.87,1.7015450811656565
2021-06-08,600893,51.5,55.5,51.01,55.1,681269,3613286400.0,3.1,5.961538461538462
2021-06-09,600893,56.5,57.63,55.15,55.76,728250,4107798528.0,0.66,1.1978221415607986
2021-06-10,600893,55.6,56.86,54.79,55.99,608967,3393494016.0,0.23,0.4124820659971305
2021-06-11,600893,55.99,56.48,50.6,51.92,999047,5301335040.0,-4.07,-7.269155206286837
2021-06-15,600893,50.95,52.66,50.2,51.63,493036,2548260608.0,-0.29,-0.5585516178736517
2021-06-16,600893,51.2,51.96,48.2,50.43,588871,2955491328.0,-1.2,-2.324230098779779
2021-06-17,600893,50.53,51.7,49.58,50.81,412744,2091125632.0,0.38,0.7535197303192545
2021-06-18,600893,51.24,54.8,50.6,53.99,684321,3631614208.0,3.18,6.2586105097421765
2021-06-21,600893,54.27,56.54,53.6,56.32,700561,3853693184.0,2.33,4.3156140025930725
2021-06-22,600893,56.32,56.32,54.25,55.02,515632,2846594560.0,-1.3,-2.308238636363636
2021-06-23,600893,54.09,55.44,53.07,54.47,487632,2642584832.0,-0.55,-0.999636495819702
2021-06-24,600893,54.55,55.65,52.38,52.4,441545,2376151296.0,-2.07,-3.8002570222140624
2021-06-25,600893,52.0,53.72,50.86,52.62,449863,2363438592.0,0.22,0.4198473282442748
2021-06-28,600893,53.0,54.41,51.92,53.55,423609,2254718976.0,0.93,1.767388825541619
2021-06-29,600893,53.18,54.5,52.19,52.36,435917,2329140224.0,-1.19,-2.2222222222222223
2021-06-30,600893,51.89,53.2,51.17,53.19,375505,1961494272.0,0.83,1.5851795263559971
2021-07-01,600893,54.01,54.48,49.8,49.8,609136,3127170816.0,-3.39,-6.373378454596729
2021-07-02,600893,48.99,48.99,46.35,46.36,570683,2690023680.0,-3.44,-6.907630522088354
2021-07-05,600893,45.63,46.84,45.38,45.61,323022,1483744384.0,-0.75,-1.6177739430543574
2021-07-06,600893,45.5,46.05,44.88,45.98,331330,1506529024.0,0.37,0.8112256084192063
2021-07-07,600893,45.5,48.96,45.3,48.24,478946,2276733696.0,2.26,4.9151805132666375
2021-07-08,600893,48.03,52.0,47.8,51.03,609728,3085689088.0,2.79,5.783582089552239
2021-07-09,600893,51.03,51.8,49.98,50.53,480510,2433586944.0,-0.5,-0.9798157946306094
2021-07-12,600893,50.6,53.06,49.34,51.5,513219,2639169536.0,0.97,1.91965169206412
2021-07-13,600893,51.28,52.3,50.46,51.18,313647,1599178880.0,-0.32,-0.6213592233009709
2021-07-14,600893,50.58,50.88,48.7,48.73,451056,2225548288.0,-2.45,-4.787026182102384
2021-07-15,600893,48.5,50.18,48.37,49.17,270979,1333332864.0,0.44,0.9029345372460496
2021-07-16,600893,49.24,54.09,48.85,54.09,785255,4153049600.0,4.92,10.006101281269068
2021-07-19,600893,55.9,56.33,53.54,54.75,962198,5271162880.0,0.66,1.2201885745978924
2021-07-20,600893,54.2,56.56,53.98,55.93,792664,4397553152.0,1.18,2.155251141552512
2021-07-21,600893,55.0,58.6,54.97,58.2,874407,4978856960.0,2.27,4.05864473448954
2021-07-22,600893,57.98,59.3,56.68,58.42,656846,3800324352.0,0.22,0.3780068728522336
2021-07-23,600893,58.32,62.98,56.43,60.7,965142,5704727552.0,2.28,3.902773022937352
2021-07-26,600893,60.99,64.01,58.5,58.9,995002,6108068864.0,-1.8,-2.9654036243822075
2021-07-27,600893,57.83,60.81,56.08,57.18,928942,5424036352.0,-1.72,-2.9202037351443124
2021-07-28,600893,56.0,56.64,51.97,52.6,689522,3690129408.0,-4.58,-8.00979363413781
2021-07-29,600893,54.06,56.14,53.22,55.09,629395,3445818624.0,2.49,4.733840304182509
2021-07-30,600893,55.01,56.8,53.8,54.85,539370,2973980160.0,-0.24,-0.435650753312761
2021-08-02,600893,55.5,60.02,54.07,58.95,768970,4444473344.0,4.1,7.474931631722881
2021-08-03,600893,58.9,60.68,53.06,57.59,596257,3472122624.0,-1.36,-2.307039864291773
2021-08-04,600893,57.49,61.1,57.32,60.53,652888,3905188352.0,2.94,5.105052960583435
2021-08-05,600893,60.86,65.17,60.5,62.95,931487,5891454464.0,2.42,3.998017511977532
2021-08-06,600893,62.89,64.54,61.06,63.93,646569,4080066048.0,0.98,1.556791104050834
2021-08-09,600893,64.0,65.79,62.1,63.73,502553,3221573376.0,-0.2,-0.3128421711246676
2021-08-10,600893,63.0,69.71,62.91,67.2,827852,5542082560.0,3.47,5.444845441707202
2021-08-11,600893,66.5,69.69,66.03,67.28,587627,3985485056.0,0.08,0.119047619047619
2021-08-12,600893,66.66,67.23,62.5,62.5,783152,5009449472.0,-4.78,-7.104637336504162
2021-08-13,600893,62.31,64.46,60.91,62.5,668277,4204423936.0,0.0,0.0
2021-08-16,600893,62.02,63.39,61.11,61.66,387749,2408593920.0,-0.84,-1.344
2021-08-17,600893,61.68,63.49,59.66,60.35,630955,3906896128.0,-1.31,-2.124554005838469
2021-08-18,600893,60.0,63.5,60.0,63.2,604650,3776637696.0,2.85,4.722452361226181
2021-08-19,600893,63.1,66.01,62.22,64.95,579773,3737337600.0,1.75,2.768987341772152
2021-08-20,600893,64.1,65.5,62.84,63.0,435866,2780862464.0,-1.95,-3.0023094688221708
2021-08-23,600893,63.63,67.83,63.24,66.11,610012,4029787392.0,3.11,4.936507936507936
2021-08-24,600893,64.0,68.22,63.18,67.49,674511,4432989184.0,1.38,2.0874300408410225
2021-08-25,600893,66.81,67.76,65.02,66.36,376256,2483592704.0,-1.13,-1.6743221217958215
2021-08-26,600893,65.8,68.22,65.48,65.5,458572,3061875200.0,-0.86,-1.295961422543701
2021-08-27,600893,65.0,65.0,61.8,62.8,551102,3473502464.0,-2.7,-4.122137404580153
2021-08-30,600893,65.46,69.08,65.12,68.45,1160753,7910648320.0,5.65,8.996815286624203
2021-08-31,600893,68.45,70.5,66.55,68.08,832529,5707645952.0,-0.37,-0.5405405405405406
2021-09-01,600893,69.09,69.8,61.27,63.14,883195,5626793984.0,-4.94,-7.256169212690952
2021-09-02,600893,61.8,63.8,61.31,63.11,399488,2507951872.0,-0.03,-0.0475134621476084
2021-09-03,600893,62.0,63.07,57.23,58.95,693064,4126586368.0,-4.16,-6.591665346220885
2021-09-06,600893,58.5,59.69,57.72,59.69,341404,2007331456.0,0.74,1.2553011026293468
2021-09-07,600893,59.63,61.61,58.8,60.18,378824,2287912192.0,0.49,0.8209080247947731
2021-09-08,600893,61.0,61.6,58.85,59.51,295096,1770366592.0,-0.67,-1.113326686606846
2021-09-09,600893,59.37,62.52,58.22,61.92,497125,2995497472.0,2.41,4.049739539573181
2021-09-10,600893,61.76,61.76,60.2,60.34,364996,2213966080.0,-1.58,-2.551679586563308
2021-09-13,600893,60.3,60.83,58.38,58.62,305752,1805238784.0,-1.72,-2.850513755386145
2021-09-14,600893,58.6,59.79,56.77,56.92,368387,2139723520.0,-1.7,-2.900034118048448
2021-09-15,600893,56.63,58.05,54.98,57.36,365694,2069611520.0,0.44,0.7730147575544624
2021-09-16,600893,57.29,57.75,54.5,54.59,315459,1766706432.0,-2.77,-4.829149232914923
2021-09-17,600893,54.59,55.5,51.27,52.67,443714,2348935680.0,-1.92,-3.5171276790621
2021-09-22,600893,52.0,54.78,51.58,53.56,307711,1649253120.0,0.89,1.689766470476552
2021-09-23,600893,53.59,55.26,53.59,55.08,332035,1817605376.0,1.52,2.837938760268857
2021-09-24,600893,54.61,54.98,53.42,53.87,246174,1334767744.0,-1.21,-2.19680464778504
2021-09-27,600893,53.5,54.9,52.11,53.17,276062,1469635456.0,-0.7,-1.2994245405606089
2021-09-28,600893,53.01,55.55,52.96,54.94,378202,2056692736.0,1.77,3.32894489373707
2021-09-29,600893,54.62,55.65,52.16,53.0,314436,1682576384.0,-1.94,-3.531124863487441
2021-09-30,600893,53.5,54.15,52.71,53.19,190564,1017032512.0,0.19,0.3584905660377358
2021-10-08,600893,53.4,53.66,50.4,51.29,297753,1543305856.0,-1.9,-3.5721000188005267
2021-10-11,600893,51.29,55.8,51.28,53.53,474375,2561720576.0,2.24,4.367323064924936
2021-10-12,600893,53.4,53.43,51.66,52.0,239577,1252853248.0,-1.53,-2.8582103493368205
2021-10-13,600893,51.0,52.42,49.7,52.07,295067,1499681664.0,0.07,0.1346153846153846
2021-10-14,600893,51.91,54.2,51.55,53.59,339392,1814554624.0,1.52,2.9191473017092373
2021-10-15,600893,53.57,54.55,53.0,53.64,233437,1255490560.0,0.05,0.0933009889904833
2021-10-18,600893,53.64,56.2,53.35,55.59,372604,2050644992.0,1.95,3.6353467561521255
2021-10-19,600893,55.01,55.4,54.0,54.94,238101,1302128256.0,-0.65,-1.169275049469329
2021-10-20,600893,54.97,55.95,54.4,55.44,272046,1504182144.0,0.5,0.9100837277029488
2021-10-21,600893,55.0,55.09,53.69,54.17,226128,1227331968.0,-1.27,-2.290764790764791
2021-10-22,600893,54.15,54.84,53.38,54.12,181135,980656640.0,-0.05,-0.0923020121838656
2021-10-25,600893,54.09,56.2,54.01,55.8,329888,1821615872.0,1.68,3.104212860310421
2021-10-26,600893,55.45,57.3,55.45,56.44,306085,1732398976.0,0.64,1.146953405017921
2021-10-27,600893,57.72,58.5,55.9,56.98,345209,1968539008.0,0.54,0.956768249468462
2021-10-28,600893,56.97,58.33,55.75,55.8,398504,2277931776.0,-1.18,-2.0709020709020707
2021-10-29,600893,56.02,60.09,55.75,59.16,612795,3582477568.0,3.36,6.021505376344086
2021-11-01,600893,59.31,60.5,58.76,59.67,452997,2701419264.0,0.51,0.8620689655172413
2021-11-02,600893,60.8,61.5,59.64,60.52,540604,3268015616.0,0.85,1.4245014245014245
2021-11-03,600893,59.17,59.98,57.74,59.01,355411,2090252416.0,-1.51,-2.4950429610046267
2021-11-04,600893,58.9,60.42,58.51,60.2,346727,2065906944.0,1.19,2.0166073546856467
2021-11-05,600893,60.0,60.4,58.53,58.67,240802,1432753152.0,-1.53,-2.5415282392026577
2021-11-08,600893,58.46,59.44,57.18,59.39,244601,1431085568.0,0.72,1.227202999829555
2021-11-09,600893,59.17,63.33,58.87,62.3,594287,3657722368.0,2.91,4.899814783633608
2021-11-10,600893,62.5,63.15,61.2,61.6,345041,2143292160.0,-0.7,-1.1235955056179776
2021-11-11,600893,61.5,62.2,60.79,61.65,237740,1463639936.0,0.05,0.0811688311688311
2021-11-12,600893,61.7,65.18,61.65,64.62,588667,3765848832.0,2.97,4.817518248175182
2021-11-15,600893,64.66,67.5,63.27,63.39,633051,4131167232.0,-1.23,-1.9034354688950788
2021-11-16,600893,62.89,64.5,60.02,60.15,474052,2934425600.0,-3.24,-5.111216280170374
2021-11-17,600893,60.13,61.73,58.77,60.75,444426,2675911168.0,0.6,0.997506234413965
2021-11-18,600893,60.65,63.89,59.83,62.83,459218,2845150720.0,2.08,3.4238683127572016
2021-11-19,600893,63.46,64.15,62.22,63.3,322088,2040338176.0,0.47,0.7480502944453287
2021-11-22,600893,63.5,64.2,62.61,63.72,249637,1585765632.0,0.42,0.6635071090047393
2021-11-23,600893,63.71,63.72,61.67,62.6,314853,1975499648.0,-1.12,-1.7576898932831135
2021-11-24,600893,62.22,63.5,61.01,61.42,275920,1709313280.0,-1.18,-1.8849840255591053
2021-11-25,600893,61.03,62.45,60.29,60.57,239786,1466120832.0,-0.85,-1.3839140345164442
2021-11-26,600893,60.57,62.72,60.4,60.99,260064,1601724160.0,0.42,0.6934125804853888
2021-11-29,600893,60.4,64.61,60.28,63.68,500460,3168124928.0,2.69,4.4105591080505
2021-11-30,600893,63.69,65.5,63.33,64.34,427623,2757030656.0,0.66,1.03643216080402
2021-12-01,600893,64.0,64.98,63.4,64.7,258611,1660339200.0,0.36,0.5595275101025801
2021-12-02,600893,64.88,65.4,63.72,65.08,280790,1816062080.0,0.38,0.5873261205564142
2021-12-03,600893,65.08,66.53,64.66,65.6,358137,2349785856.0,0.52,0.7990165949600493
2021-12-06,600893,65.61,66.27,63.8,64.8,258920,1687600384.0,-0.8,-1.2195121951219512
2021-12-07,600893,64.64,64.99,60.82,61.7,429436,2680545024.0,-3.1,-4.78395061728395
2021-12-08,600893,61.95,63.66,61.85,63.51,250579,1576175360.0,1.81,2.93354943273906
2021-12-09,600893,63.33,63.89,62.15,62.76,206222,1294571520.0,-0.75,-1.1809163911195086
2021-12-10,600893,62.28,62.75,61.01,61.99,242413,1502262272.0,-0.77,-1.2268961121733588
2021-12-13,600893,61.71,63.17,60.32,62.4,277766,1716055040.0,0.41,0.6613969995160509
2021-12-14,600893,62.0,65.72,61.68,64.78,398512,2572848128.0,2.38,3.814102564102564
2021-12-15,600893,64.69,65.22,63.8,64.31,219240,1414172672.0,-0.47,-0.7255325717814141
2021-12-16,600893,64.32,66.48,64.05,65.22,259493,1695932544.0,0.91,1.4150209920696626
2021-12-17,600893,65.58,66.04,63.72,63.9,256402,1658756992.0,-1.32,-2.02391904323827
2021-12-20,600893,62.81,65.03,61.48,61.7,238195,1499070080.0,-2.2,-3.442879499217528
2021-12-21,600893,62.77,62.88,60.61,62.31,208040,1282730240.0,0.61,0.9886547811993516
2021-12-22,600893,62.49,62.83,61.3,61.75,187525,1163200000.0,-0.56,-0.8987321457229979
2021-12-23,600893,61.71,63.47,60.98,62.22,233841,1458888192.0,0.47,0.7611336032388664
2021-12-24,600893,62.04,62.66,60.8,60.89,199356,1222747392.0,-1.33,-2.1375763420122147
2021-12-27,600893,60.8,61.29,60.0,60.38,154526,936423616.0,-0.51,-0.837575956643127
2021-12-28,600893,60.42,60.67,58.64,60.07,272328,1624343168.0,-0.31,-0.5134150380920834
2021-12-29,600893,60.07,61.34,60.07,60.26,228167,1382753920.0,0.19,0.3162976527384718
2021-12-30,600893,60.3,64.49,59.93,63.08,537215,3386535680.0,2.82,4.6797212080982415
2021-12-31,600893,63.1,63.88,62.55,63.46,265122,1679095040.0,0.38,0.6024096385542169
2022-01-04,600893,63.71,64.48,63.08,63.55,265367,1693318272.0,0.09,0.1418216199180586
2022-01-05,600893,63.44,63.92,59.1,59.78,399236,2423537664.0,-3.77,-5.932336742722266
2022-01-06,600893,59.2,60.19,57.2,58.3,299851,1748766464.0,-1.48,-2.4757443961191035
2022-01-07,600893,58.3,58.77,56.0,56.18,276454,1577132928.0,-2.12,-3.636363636363636
2022-01-10,600893,55.5,56.1,54.74,55.59,232369,1290359552.0,-0.59,-1.0501957992168032
2022-01-11,600893,55.97,56.17,52.44,52.75,396040,2124862336.0,-2.84,-5.108832523835223
2022-01-12,600893,53.15,54.68,52.91,54.46,252481,1359382528.0,1.71,3.2417061611374405
2022-01-13,600893,54.47,54.52,52.89,53.2,172912,926403840.0,-1.26,-2.313624678663239
2022-01-14,600893,53.29,54.15,52.7,52.8,172127,917126208.0,-0.4,-0.7518796992481203
2022-01-17,600893,52.5,53.81,51.9,53.5,226323,1198767104.0,0.7,1.3257575757575757
2022-01-18,600893,53.3,54.93,52.88,53.75,221582,1192110976.0,0.25,0.4672897196261681
2022-01-19,600893,53.7,53.71,51.08,52.0,252714,1319498240.0,-1.75,-3.255813953488372
2022-01-20,600893,52.0,52.28,50.31,50.76,308341,1570497792.0,-1.24,-2.3846153846153846
2022-01-21,600893,49.95,50.49,48.66,50.23,402151,1990813824.0,-0.53,-1.0441292356185972
2022-01-24,600893,50.06,50.85,49.6,50.15,186112,934545216.0,-0.08,-0.1592673700975512
2022-01-25,600893,50.49,51.69,48.93,49.0,232500,1169395968.0,-1.15,-2.293120638085743
2022-01-26,600893,49.01,50.5,49.01,50.38,234114,1171464192.0,1.38,2.816326530612245
2022-01-27,600893,50.06,50.47,48.8,48.87,163482,810640896.0,-1.51,-2.997221119491862
2022-01-28,600893,49.21,49.9,47.58,48.18,201214,983838592.0,-0.69,-1.4119091467157765
2022-02-07,600893,49.1,49.46,47.74,48.15,185994,901864896.0,-0.03,-0.062266500622665
2022-02-08,600893,48.51,48.66,46.44,48.19,177921,844401536.0,0.04,0.083073727933541
2022-02-09,600893,48.18,49.76,47.77,49.5,235146,1151566336.0,1.31,2.718406308362731
2022-02-10,600893,49.5,50.3,48.95,49.69,184392,915494208.0,0.19,0.3838383838383838
2022-02-11,600893,49.49,49.85,47.87,48.03,175186,854609024.0,-1.66,-3.3407124169853084
2022-02-14,600893,47.98,49.1,47.2,47.55,240692,1157713408.0,-0.48,-0.999375390381012
2022-02-15,600893,47.56,49.32,47.45,49.28,206825,1004675904.0,1.73,3.6382754994742377
2022-02-16,600893,48.77,48.8,47.8,48.0,202914,978413632.0,-1.28,-2.5974025974025974
2022-02-17,600893,47.85,48.79,47.34,48.36,207968,998974016.0,0.36,0.75
2022-02-18,600893,48.2,48.21,47.51,48.17,111982,535898016.0,-0.19,-0.3928866832092638
2022-02-21,600893,48.31,48.91,47.5,47.86,144567,694501248.0,-0.31,-0.6435540793024704
2022-02-22,600893,48.38,48.58,46.83,47.19,189232,897185600.0,-0.67,-1.3999164229001253
2022-02-23,600893,46.9,49.53,46.71,49.2,342812,1663684864.0,2.01,4.259376986649714
2022-02-24,600893,48.79,53.0,48.55,50.07,630940,3166312192.0,0.87,1.768292682926829
2022-02-25,600893,49.14,50.5,48.45,50.04,296594,1476200192.0,-0.03,-0.0599161174355901
2022-02-28,600893,50.85,51.85,50.06,50.52,267694,1357413632.0,0.48,0.9592326139088728
2022-03-01,600893,51.0,52.45,50.51,51.81,334731,1724464128.0,1.29,2.553444180522565
2022-03-02,600893,51.7,51.85,50.8,51.31,193486,991879680.0,-0.5,-0.9650646593321752
2022-03-03,600893,51.33,51.33,49.9,50.02,183965,924849216.0,-1.29,-2.514129799259404
2022-03-04,600893,49.84,50.38,47.59,48.05,255797,1251825280.0,-1.97,-3.938424630147941
2022-03-07,600893,48.75,48.93,46.88,47.18,221463,1059280832.0,-0.87,-1.810613943808533
2022-03-08,600893,46.9,47.55,44.46,44.51,280531,1283530752.0,-2.67,-5.65917761763459
2022-03-09,600893,44.51,44.89,40.3,42.76,473082,2008449920.0,-1.75,-3.931700741406426
2022-03-10,600893,43.7,44.37,42.87,43.47,318878,1391440768.0,0.71,1.6604303086997194
2022-03-11,600893,43.0,44.18,42.59,44.13,221619,961919040.0,0.66,1.518288474810214
2022-03-14,600893,43.88,47.03,43.68,45.47,355553,1630271744.0,1.34,3.0364831180602763
2022-03-15,600893,44.99,46.45,43.95,44.05,270416,1220025472.0,-1.42,-3.122938201011656
2022-03-16,600893,44.8,45.48,42.82,45.41,275178,1221203968.0,1.36,3.087400681044268
2022-03-17,600893,45.67,46.55,45.28,45.56,271863,1249181568.0,0.15,0.330323717242898
2022-03-18,600893,45.2,45.45,44.26,45.0,153820,690783168.0,-0.56,-1.2291483757682178
2022-03-21,600893,45.08,45.92,44.5,45.12,167474,757123328.0,0.12,0.2666666666666666
2022-03-22,600893,45.65,46.08,44.18,44.42,162400,727881216.0,-0.7,-1.551418439716312
2022-03-23,600893,44.38,46.64,43.88,46.17,353547,1609165056.0,1.75,3.939666816749212
2022-03-24,600893,45.5,46.3,45.43,45.57,166241,760721984.0,-0.6,-1.299545159194282
2022-03-25,600893,45.77,47.44,45.53,45.59,291954,1356085376.0,0.02,0.0438885231511959
2022-03-28,600893,44.99,45.04,43.56,44.15,192263,852440704.0,-1.44,-3.158587409519632
2022-03-29,600893,44.72,47.3,44.69,45.3,397988,1833266560.0,1.15,2.60475651189128
2022-03-30,600893,45.54,46.7,44.96,46.2,194699,895426240.0,0.9,1.9867549668874167
2022-03-31,600893,45.82,46.06,44.38,44.9,186580,840910208.0,-1.3,-2.813852813852814
2022-04-01,600893,44.5,45.08,44.16,44.35,147049,654798464.0,-0.55,-1.2249443207126949
2022-04-06,600893,44.37,44.44,42.24,42.9,238613,1026108672.0,-1.45,-3.269447576099211
2022-04-07,600893,42.9,44.1,42.66,42.95,168595,732415168.0,0.05,0.1165501165501165
2022-04-08,600893,43.0,43.25,41.5,41.86,240864,1011305728.0,-1.09,-2.5378346915017462
2022-04-11,600893,40.8,40.8,38.71,39.2,460086,1803342720.0,-2.66,-6.354515050167224
2022-04-12,600893,39.0,39.45,37.45,38.58,355921,1362684672.0,-0.62,-1.5816326530612244
2022-04-13,600893,38.35,38.5,37.7,37.85,178865,680447808.0,-0.73,-1.892172109901504
2022-04-14,600893,38.0,38.28,37.56,38.08,199728,757422528.0,0.23,0.607661822985469
2022-04-15,600893,38.0,38.5,37.5,38.0,205080,779953984.0,-0.08,-0.2100840336134453
2022-04-18,600893,37.68,39.09,37.34,38.98,219803,847080704.0,0.98,2.5789473684210527
2022-04-19,600893,38.8,39.65,38.7,39.07,174330,681137536.0,0.09,0.2308876346844535
2022-04-20,600893,39.07,39.3,38.21,38.44,130113,504376640.0,-0.63,-1.6124904018428463
2022-04-21,600893,38.36,39.31,37.06,37.39,171856,653233920.0,-1.05,-2.7315296566077003
2022-04-22,600893,36.98,37.49,36.41,36.66,149237,550864640.0,-0.73,-1.9523936881519124
2022-04-25,600893,35.8,36.07,33.96,33.97,270850,944691520.0,-2.69,-7.337697763229678
2022-04-26,600893,33.7,33.9,32.05,32.55,281436,924860224.0,-1.42,-4.180158963791581
2022-04-27,600893,31.92,35.18,31.7,34.83,345851,1169795328.0,2.28,7.0046082949308754
2022-04-28,600893,34.85,36.28,34.51,35.33,221746,783883392.0,0.5,1.435544071202986
2022-04-29,600893,36.04,37.88,35.44,37.78,309819,1141369216.0,2.45,6.934616473252193
2022-05-05,600893,37.69,39.8,37.0,38.89,357048,1392122240.0,1.11,2.9380624669137108
2022-05-06,600893,37.8,39.46,37.68,39.09,198545,771694528.0,0.2,0.5142710208279764
2022-05-09,600893,39.01,40.57,38.86,39.85,212550,847244480.0,0.76,1.9442312611921209
2022-05-10,600893,39.02,40.18,39.01,39.84,226475,899949568.0,-0.01,-0.0250941028858218
2022-05-11,600893,40.29,40.73,38.55,38.97,288545,1144599808.0,-0.87,-2.183734939759036
2022-05-12,600893,38.58,40.1,38.58,39.38,183594,724158976.0,0.41,1.0520913523222992
2022-05-13,600893,39.73,39.77,38.6,39.12,123730,482836416.0,-0.26,-0.6602336211274759
2022-05-16,600893,39.72,40.22,38.6,38.76,162978,639355328.0,-0.36,-0.9202453987730062
2022-05-17,600893,38.77,39.76,38.17,39.45,132237,517744288.0,0.69,1.780185758513932
2022-05-18,600893,39.65,39.96,38.84,39.5,154441,608384128.0,0.05,0.126742712294043
2022-05-19,600893,38.76,39.72,38.3,39.61,140894,550762368.0,0.11,0.2784810126582278
2022-05-20,600893,39.78,40.07,39.08,39.68,155716,616037120.0,0.07,0.1767230497349154
2022-05-23,600893,39.64,39.64,38.43,39.2,178067,692318400.0,-0.48,-1.2096774193548387
2022-05-24,600893,39.3,40.7,37.89,38.02,354194,1394018048.0,-1.18,-3.010204081632653
2022-05-25,600893,37.51,38.99,37.47,38.6,230040,879103232.0,0.58,1.5255128879537083
2022-05-26,600893,38.49,41.18,38.49,40.05,526193,2108671360.0,1.45,3.756476683937824
2022-05-27,600893,40.28,40.74,39.0,39.44,267637,1068421568.0,-0.61,-1.5230961298377028
2022-05-30,600893,39.69,39.85,38.86,39.36,206276,810100416.0,-0.08,-0.2028397565922921
2022-05-31,600893,39.34,39.88,38.79,39.53,228332,899344768.0,0.17,0.4319105691056911
2022-06-01,600893,39.55,41.14,39.33,40.16,340278,1371850368.0,0.63,1.593726283835062
2022-06-02,600893,39.94,41.15,39.61,41.02,271257,1098887424.0,0.86,2.141434262948207
2022-06-06,600893,41.15,42.09,40.41,41.71,416927,1722012416.0,0.69,1.682106289614822
2022-06-07,600893,41.7,42.58,41.48,42.03,342336,1437553408.0,0.32,0.767202109805802
2022-06-08,600893,41.98,42.18,40.15,40.9,351726,1442780288.0,-1.13,-2.688555793480848
2022-06-09,600893,40.88,41.0,39.47,39.83,303524,1216848384.0,-1.07,-2.616136919315404
2022-06-10,600893,39.75,41.51,39.53,41.51,400202,1638340096.0,1.68,4.21792618629174
2022-06-13,600893,41.39,42.3,40.69,41.48,299866,1240694656.0,-0.03,-0.0722717417489761
2022-06-14,600893,41.0,41.34,38.94,39.74,468037,1855644032.0,-1.74,-4.194792671166828
2022-06-15,600893,39.74,41.34,39.5,40.38,445860,1806833664.0,0.64,1.610468042274786
2022-06-16,600893,40.2,41.96,40.19,40.99,318247,1313885440.0,0.61,1.510648836057454
2022-06-17,600893,40.57,41.16,39.99,40.96,245089,994245760.0,-0.03,-0.0731885825811173
2022-06-20,600893,40.96,41.53,40.61,41.42,319562,1313925504.0,0.46,1.123046875
2022-06-21,600893,41.6,41.68,39.63,39.98,358486,1444708224.0,-1.44,-3.476581361661033
2022-06-22,600893,39.95,40.31,39.13,39.21,253738,1005892992.0,-0.77,-1.9259629814907453
2022-06-23,600893,39.09,42.99,38.86,42.99,732576,3060832768.0,3.78,9.640397857689363
2022-06-24,600893,44.3,45.96,43.77,45.11,975262,4382261248.0,2.12,4.931379390555944
2022-06-27,600893,45.6,46.73,44.72,46.4,563649,2581585152.0,1.29,2.859676346708047
2022-06-28,600893,46.03,47.38,45.75,46.15,479923,2225681152.0,-0.25,-0.5387931034482759
2022-06-29,600893,46.0,46.49,44.47,44.65,386970,1756690432.0,-1.5,-3.2502708559046587
2022-06-30,600893,44.62,45.99,44.08,45.51,355997,1603381504.0,0.86,1.9260918253079504
2022-07-01,600893,45.8,47.15,44.7,45.44,350333,1610332288.0,-0.07,-0.1538123489343001
2022-07-04,600893,45.4,48.98,45.2,48.17,546000,2604748032.0,2.73,6.007922535211268
2022-07-05,600893,48.3,48.5,47.3,48.1,345408,1654116992.0,-0.07,-0.1453186630682997
2022-07-06,600893,47.94,50.0,47.18,48.03,530353,2576950272.0,-0.07,-0.1455301455301455
2022-07-07,600893,48.3,52.34,48.3,51.99,738027,3747131136.0,3.96,8.244846970643348
2022-07-08,600893,52.22,53.8,51.2,52.3,527421,2764903424.0,0.31,0.5962685131756107
2022-07-11,600893,52.14,53.37,50.51,53.18,484200,2516910848.0,0.88,1.6826003824091778
2022-07-12,600893,52.99,55.35,50.65,50.88,713972,3774745600.0,-2.3,-4.324934185784129
2022-07-13,600893,50.62,51.34,49.33,50.11,417345,2095603456.0,-0.77,-1.5133647798742138
2022-07-14,600893,50.0,52.39,49.85,51.55,351181,1807206784.0,1.44,2.8736779086010777
2022-07-15,600893,51.31,52.91,50.6,51.23,306264,1584140544.0,-0.32,-0.620756547041707
2022-07-18,600893,50.8,51.01,48.8,50.8,376463,1876824448.0,-0.43,-0.8393519422213548
2022-07-19,600893,50.55,52.15,50.08,50.48,279288,1423944320.0,-0.32,-0.6299212598425197
2022-07-20,600893,50.8,53.53,50.6,53.5,467972,2438880512.0,3.02,5.98256735340729
2022-07-21,600893,53.0,53.48,51.68,52.34,364332,1912889472.0,-1.16,-2.1682242990654204
2022-07-22,600893,52.34,53.88,51.5,52.8,274899,1448093952.0,0.46,0.8788689338937715
2022-07-25,600893,53.5,54.01,51.59,51.82,273622,1443712768.0,-0.98,-1.8560606060606064
2022-07-26,600893,51.7,52.45,50.87,52.0,179138,927570624.0,0.18,0.3473562331146275
2022-07-27,600893,52.2,52.97,50.89,51.28,249594,1292155008.0,-0.72,-1.3846153846153846
2022-07-28,600893,51.4,52.39,50.69,52.3,285019,1469300480.0,1.02,1.989079563182527
2022-07-29,600893,52.54,52.55,49.5,49.77,400133,2016604416.0,-2.53,-4.837476099426386
2022-08-01,600893,49.88,50.68,49.31,49.94,195306,974267648.0,0.17,0.341571227647177
2022-08-02,600893,51.88,52.04,48.29,48.98,360944,1793184640.0,-0.96,-1.922306768121746
2022-08-03,600893,48.99,53.8,48.55,52.8,753689,3935524608.0,3.82,7.799101674152715
2022-08-04,600893,52.96,53.18,51.4,52.09,370763,1936076416.0,-0.71,-1.3446969696969695
2022-08-05,600893,51.87,52.92,49.91,51.22,361505,1839000832.0,-0.87,-1.670186216164331
2022-08-08,600893,50.55,53.53,50.51,52.9,377206,1988246912.0,1.68,3.279968762202265
2022-08-09,600893,52.9,55.45,52.0,54.6,466159,2510393600.0,1.7,3.213610586011342
2022-08-10,600893,54.29,55.28,53.7,54.29,286573,1561225344.0,-0.31,-0.5677655677655677
2022-08-11,600893,54.1,54.28,53.25,53.8,225184,1208171392.0,-0.49,-0.9025603241849328
2022-08-12,600893,53.76,53.76,51.83,52.04,262800,1376642816.0,-1.76,-3.2713754646840147
2022-08-15,600893,52.04,52.9,51.8,52.43,141320,740947968.0,0.39,0.749423520368947
2022-08-16,600893,52.53,53.5,51.7,52.0,199992,1048425536.0,-0.43,-0.8201411405683768
2022-08-17,600893,51.9,52.14,50.66,51.4,177449,908070848.0,-0.6,-1.153846153846154
2022-08-18,600893,51.4,52.1,50.9,51.14,170779,874325312.0,-0.26,-0.5058365758754864
2022-08-19,600893,51.19,51.55,49.6,49.68,195038,980259072.0,-1.46,-2.8549080954243253
2022-08-22,600893,49.5,51.17,49.3,50.71,188430,951633920.0,1.03,2.073268921095008
2022-08-23,600893,50.58,51.46,49.93,50.69,161987,820222080.0,-0.02,-0.0394399526720568
2022-08-24,600893,50.49,50.58,47.54,47.74,331660,1613936640.0,-2.95,-5.819688301440126
2022-08-25,600893,47.74,48.4,47.1,47.95,171575,818438400.0,0.21,0.4398826979472141
2022-08-26,600893,48.0,49.33,47.6,48.17,191481,923827648.0,0.22,0.4588112617309697
2022-08-29,600893,47.7,50.53,47.01,49.91,336674,1667680384.0,1.74,3.612206767697737
2022-08-30,600893,50.2,50.3,47.85,47.88,225608,1099955584.0,-2.03,-4.067321178120617
2022-08-31,600893,47.88,48.18,45.66,45.97,256887,1196316800.0,-1.91,-3.989139515455305
2022-09-01,600893,46.02,46.88,45.6,45.88,160993,743413568.0,-0.09,-0.1957798564281053
2022-09-02,600893,45.8,46.13,44.79,45.22,222198,1006002240.0,-0.66,-1.4385353095030515
2022-09-05,600893,44.8,46.55,44.8,45.77,209004,957054016.0,0.55,1.2162759840778417
2022-09-06,600893,46.1,47.97,45.82,47.14,243003,1145738752.0,1.37,2.993227004588158
2022-09-07,600893,46.71,47.6,46.68,47.24,196524,928366272.0,0.1,0.2121340687314382
2022-09-08,600893,47.12,48.4,47.01,47.76,220280,1054091776.0,0.52,1.100762066045724
2022-09-09,600893,47.78,48.96,47.38,48.03,177968,855484544.0,0.27,0.5653266331658292
2022-09-13,600893,48.2,49.23,47.99,49.0,203259,990192448.0,0.97,2.0195711013949613
2022-09-14,600893,48.4,49.42,48.2,49.23,230865,1129538304.0,0.23,0.4693877551020408
2022-09-15,600893,49.17,49.17,46.53,47.2,254469,1206725504.0,-2.03,-4.123501929717651
2022-09-16,600893,47.0,48.1,46.72,46.88,221610,1052502784.0,-0.32,-0.6779661016949152
2022-09-19,600893,46.51,47.55,45.6,46.01,137205,634240064.0,-0.87,-1.855802047781569
2022-09-20,600893,46.38,46.6,45.03,45.75,138497,635813568.0,-0.26,-0.5650945446642034
2022-09-21,600893,45.42,45.74,43.77,44.8,210528,937301760.0,-0.95,-2.076502732240437
2022-09-22,600893,44.55,47.1,44.55,46.6,267168,1240133760.0,1.8,4.017857142857143
2022-09-23,600893,46.49,48.44,46.25,46.74,206879,976111296.0,0.14,0.3004291845493562
2022-09-26,600893,46.22,46.68,45.02,45.29,155875,714820096.0,-1.45,-3.102267864783911
2022-09-27,600893,45.29,46.56,45.29,46.47,141843,654196352.0,1.18,2.60543166261868
2022-09-28,600893,46.18,47.17,43.87,43.98,203783,914638400.0,-2.49,-5.358295674628793
2022-09-29,600893,44.35,44.88,42.89,43.38,207951,908448192.0,-0.6,-1.364256480218281
2022-09-30,600893,43.56,43.64,41.84,41.95,161512,685192768.0,-1.43,-3.2964499769479025
2022-10-10,600893,42.5,42.52,40.9,41.44,155787,647582976.0,-0.51,-1.2157330154946364
2022-10-11,600893,41.58,41.84,40.73,41.5,127842,528217088.0,0.06,0.1447876447876447
2022-10-12,600893,41.52,42.6,40.51,42.59,159764,663485888.0,1.09,2.626506024096386
2022-10-13,600893,42.23,45.0,42.16,43.29,243818,1067552320.0,0.7,1.6435783047663772
2022-10-14,600893,43.5,45.54,43.3,45.21,218609,975695808.0,1.92,4.435204435204435
2022-10-17,600893,45.21,47.08,45.02,46.62,257973,1198393472.0,1.41,3.11877903118779
2022-10-18,600893,46.6,46.65,45.98,46.32,128624,595795840.0,-0.3,-0.6435006435006435
2022-10-19,600893,46.22,47.18,45.79,46.04,135103,626804800.0,-0.28,-0.6044905008635579
2022-10-20,600893,45.8,46.89,45.15,46.12,174832,805954048.0,0.08,0.1737619461337967
2022-10-21,600893,46.13,46.28,44.64,45.5,191591,868703680.0,-0.62,-1.3443191673894188
2022-10-24,600893,46.28,49.3,46.28,48.45,520220,2504224768.0,2.95,6.4835164835164845
2022-10-25,600893,48.45,48.89,47.35,48.1,282898,1360423680.0,-0.35,-0.7223942208462332
2022-10-26,600893,48.0,49.08,47.39,48.31,299150,1442806272.0,0.21,0.4365904365904366
2022-10-27,600893,48.4,48.49,46.9,47.81,265418,1265767040.0,-0.5,-1.03498240529911
2022-10-28,600893,47.6,48.36,46.61,46.98,182645,867610368.0,-0.83,-1.7360384856724536
2022-10-31,600893,44.9,49.23,43.0,48.64,533609,2493922304.0,1.66,3.533418475947212
2022-11-01,600893,48.5,49.07,47.04,47.75,325470,1562172288.0,-0.89,-1.8297697368421053
2022-11-02,600893,47.5,48.03,46.61,47.08,293379,1380377600.0,-0.67,-1.4031413612565449
2022-11-03,600893,46.8,48.08,46.58,47.79,233194,1107365760.0,0.71,1.508071367884452
2022-11-04,600893,47.58,48.1,47.11,48.07,223852,1068985792.0,0.28,0.5858966310943712
2022-11-07,600893,48.3,49.16,46.45,47.06,305948,1442977920.0,-1.01,-2.101102558768462
2022-11-08,600893,47.07,47.31,46.31,47.01,161316,755256704.0,-0.05,-0.1062473438164045
2022-11-09,600893,47.49,47.8,46.28,46.31,168862,791492416.0,-0.7,-1.4890448840672197
2022-11-10,600893,46.0,46.0,44.35,44.96,263485,1186303744.0,-1.35,-2.915137119412654
2022-11-11,600893,45.97,46.01,44.79,45.07,180654,818121664.0,0.11,0.244661921708185
2022-11-14,600893,44.9,45.49,43.51,43.8,309124,1366956672.0,-1.27,-2.817838917239849
2022-11-15,600893,43.69,44.7,43.56,44.21,275567,1218259072.0,0.41,0.9360730593607304
2022-11-16,600893,44.44,45.27,44.09,44.5,299377,1336462592.0,0.29,0.6559601900022619
2022-11-17,600893,44.11,44.89,43.08,44.79,222177,975876544.0,0.29,0.651685393258427
2022-11-18,600893,44.65,44.96,43.85,43.85,171364,758411520.0,-0.94,-2.098682741683412
2022-11-21,600893,43.36,44.76,43.25,44.5,176033,781184256.0,0.65,1.4823261117445838
2022-11-22,600893,44.5,46.0,44.1,45.1,267441,1208025984.0,0.6,1.348314606741573
2022-11-23,600893,44.88,45.73,44.5,45.36,184921,835171712.0,0.26,0.5764966740576497
2022-11-24,600893,45.37,45.7,44.81,45.0,113592,512607648.0,-0.36,-0.7936507936507936
2022-11-25,600893,44.91,45.2,44.01,44.17,175384,779939712.0,-0.83,-1.8444444444444443
2022-11-28,600893,43.5,45.06,43.34,45.03,185460,827526272.0,0.86,1.9470228661987776
2022-11-29,600893,45.03,45.77,44.63,44.9,193164,869084224.0,-0.13,-0.2886964246058183
2022-11-30,600893,45.1,45.66,44.5,45.59,219265,990438016.0,0.69,1.5367483296213809
2022-12-01,600893,45.35,45.96,45.35,45.57,156942,716142656.0,-0.02,-0.0438692695766615
2022-12-02,600893,45.59,45.79,44.11,44.2,200051,895824000.0,-1.37,-3.006363835856924
2022-12-05,600893,44.53,44.77,43.88,44.4,206708,915747904.0,0.2,0.4524886877828055
2022-12-06,600893,44.47,45.13,43.81,45.1,217808,970776320.0,0.7,1.5765765765765765
2022-12-07,600893,44.89,45.39,44.79,45.02,131139,590561472.0,-0.08,-0.1773835920177383
2022-12-08,600893,44.85,45.15,44.38,44.62,121324,542261568.0,-0.4,-0.888494002665482
2022-12-09,600893,44.62,44.75,43.38,44.0,248959,1090860928.0,-0.62,-1.3895114298520843
2022-12-12,600893,43.9,44.28,43.03,43.62,207208,904622912.0,-0.38,-0.8636363636363636
2022-12-13,600893,43.5,43.8,42.73,43.01,168066,724124928.0,-0.61,-1.398441082072444
2022-12-14,600893,43.01,43.8,42.96,43.18,114822,497980032.0,0.17,0.3952569169960474
2022-12-15,600893,43.21,43.43,42.8,42.95,112992,485616704.0,-0.23,-0.5326540064844836
2022-12-16,600893,42.9,42.9,42.12,42.76,118021,501253408.0,-0.19,-0.4423748544819557
2022-12-19,600893,42.7,43.0,41.55,41.78,118335,498457344.0,-0.98,-2.291861552853134
2022-12-20,600893,41.61,42.23,41.45,41.81,76680,320425056.0,0.03,0.0718046912398276
2022-12-21,600893,41.68,42.07,41.12,41.36,87601,363290976.0,-0.45,-1.0762975364745275
2022-12-22,600893,41.55,42.1,40.55,41.58,132137,546863680.0,0.22,0.5319148936170213
2022-12-23,600893,41.21,41.81,41.13,41.5,106085,439259520.0,-0.08,-0.1924001924001924
2022-12-26,600893,41.5,42.42,41.4,42.25,149085,625735936.0,0.75,1.8072289156626504
2022-12-27,600893,42.25,42.48,41.81,41.97,115978,487677344.0,-0.28,-0.6627218934911243
2022-12-28,600893,42.07,42.12,40.95,41.15,177436,734880000.0,-0.82,-1.9537765070288304
2022-12-29,600893,41.0,42.68,40.96,42.27,213931,896851968.0,1.12,2.7217496962332928
2022-12-30,600893,42.3,42.76,42.15,42.28,93330,395489824.0,0.01,0.0236574402649633
2023-01-03,600893,42.17,44.1,42.1,43.78,253695,1103005056.0,1.5,3.5477767265846736
2023-01-04,600893,43.69,44.1,43.3,43.84,166402,727313536.0,0.06,0.1370488807674737
2023-01-05,600893,43.68,44.32,43.5,44.14,143591,631894656.0,0.3,0.6843065693430658
2023-01-06,600893,43.89,44.3,43.58,43.97,120807,531475392.0,-0.17,-0.3851381966470322
2023-01-09,600893,43.9,44.18,42.2,42.54,263842,1130237952.0,-1.43,-3.252217420968843
2023-01-10,600893,42.54,42.66,41.18,41.81,285582,1188104320.0,-0.73,-1.7160319699106723
2023-01-11,600893,41.64,42.24,41.21,41.31,164001,682374528.0,-0.5,-1.195886151638364
2023-01-12,600893,42.16,42.42,41.31,41.44,147954,617665664.0,0.13,0.3146937787460663
2023-01-13,600893,41.53,41.75,41.04,41.72,102935,426789120.0,0.28,0.6756756756756757
2023-01-16,600893,41.62,43.22,41.62,42.63,283550,1202781056.0,0.91,2.1812080536912752
2023-01-17,600893,42.63,43.66,42.36,43.21,161683,697108416.0,0.58,1.3605442176870748
2023-01-18,600893,43.3,43.34,42.85,43.16,103813,448342656.0,-0.05,-0.1157139551029854
2023-01-19,600893,43.06,43.76,42.98,43.6,124130,538435136.0,0.44,1.0194624652455977
2023-01-20,600893,43.6,43.96,43.43,43.8,114465,500526144.0,0.2,0.4587155963302752
2023-01-30,600893,44.2,45.97,44.0,45.29,300858,1356299520.0,1.49,3.4018264840182644
2023-01-31,600893,45.0,45.74,44.89,45.35,179940,816190592.0,0.06,0.1324795760653566
2023-02-01,600893,45.39,46.0,44.84,45.96,207079,941157440.0,0.61,1.3450937155457552
2023-02-02,600893,46.19,46.25,44.91,45.28,224464,1016523264.0,-0.68,-1.4795474325500435
2023-02-03,600893,45.04,46.88,44.69,46.76,375623,1731694080.0,1.48,3.2685512367491167
2023-02-06,600893,46.56,46.66,45.64,45.87,209361,963346176.0,-0.89,-1.9033361847733103
2023-02-07,600893,45.97,46.01,45.15,45.44,147481,670352640.0,-0.43,-0.9374318726836712
2023-02-08,600893,45.44,45.44,44.41,44.67,167196,748553408.0,-0.77,-1.694542253521127
2023-02-09,600893,44.51,45.62,44.5,45.31,140133,634287872.0,0.64,1.4327289008282964
2023-02-10,600893,45.2,45.66,44.98,45.0,110563,500471232.0,-0.31,-0.6841756786581329
2023-02-13,600893,45.15,45.71,45.0,45.19,128803,583071936.0,0.19,0.4222222222222221
2023-02-14,600893,45.39,45.39,44.79,44.96,75679,340039552.0,-0.23,-0.5089621597698606
2023-02-15,600893,44.97,45.56,44.53,45.54,151198,681551616.0,0.58,1.290035587188612
2023-02-16,600893,45.4,45.68,44.25,44.6,209077,944700160.0,-0.94,-2.064119455423804
2023-02-17,600893,44.6,44.95,44.1,44.36,115566,514423328.0,-0.24,-0.5381165919282511
2023-02-20,600893,44.36,45.0,43.93,45.0,142637,634076736.0,0.64,1.4427412082957618
2023-02-21,600893,44.99,45.97,44.89,45.52,170261,775739584.0,0.52,1.1555555555555554
2023-02-22,600893,45.22,45.86,45.22,45.74,154218,704334464.0,0.22,0.4833040421792618
2023-02-23,600893,45.68,45.8,45.28,45.56,94680,431595168.0,-0.18,-0.3935286401399213
2023-02-24,600893,45.66,46.88,45.65,45.94,235757,1092899968.0,0.38,0.8340649692712907
2023-02-27,600893,45.88,46.31,45.25,45.51,170282,778126400.0,-0.43,-0.936003482803657
2023-02-28,600893,45.32,46.29,45.32,45.9,122863,561848000.0,0.39,0.8569545154911009
2023-03-01,600893,45.9,46.2,45.7,46.18,100958,464672480.0,0.28,0.6100217864923747
2023-03-02,600893,46.22,47.17,46.18,46.66,229311,1072028736.0,0.48,1.039411000433088
2023-03-03,600893,46.63,47.8,46.26,47.39,234475,1107833984.0,0.73,1.5645092156022289
2023-03-06,600893,47.84,48.28,46.85,47.32,233884,1109257088.0,-0.07,-0.1477104874446085
2023-03-07,600893,47.03,47.16,46.12,46.31,239728,1118306944.0,-1.01,-2.1344040574809804
2023-03-08,600893,46.05,47.07,46.03,46.54,109061,507214240.0,0.23,0.4966529907147484
2023-03-09,600893,46.52,46.59,45.79,46.09,121107,559279296.0,-0.45,-0.9669101847872796
2023-03-10,600893,45.99,46.3,45.32,45.33,119327,546237632.0,-0.76,-1.6489477110002169
2023-03-13,600893,45.29,46.29,45.28,46.29,92268,423771104.0,0.96,2.1178027796161483
2023-03-14,600893,46.2,46.3,45.31,46.02,116421,532641248.0,-0.27,-0.5832793259883344
2023-03-15,600893,46.02,46.38,45.55,45.66,103419,473880576.0,-0.36,-0.7822685788787485
2023-03-16,600893,45.38,45.65,44.35,44.72,130941,586626752.0,-0.94,-2.058694699956198
2023-03-17,600893,44.8,45.48,44.7,44.98,84929,382975936.0,0.26,0.5813953488372093
2023-03-20,600893,44.99,45.19,44.34,44.58,75688,338385440.0,-0.4,-0.8892841262783459
2023-03-21,600893,45.53,47.13,45.5,46.46,226641,1055086272.0,1.88,4.217137729923732
2023-03-22,600893,46.46,46.5,44.85,45.03,226712,1029550208.0,-1.43,-3.077916487300904
2023-03-23,600893,44.8,45.65,44.48,45.62,182566,821562304.0,0.59,1.310237619364868
2023-03-24,600893,45.55,45.91,44.94,45.76,125451,570145216.0,0.14,0.3068829460762823
2023-03-27,600893,45.53,45.89,44.81,44.88,115430,520503328.0,-0.88,-1.9230769230769231
2023-03-28,600893,44.8,45.18,44.16,44.3,123425,551477184.0,-0.58,-1.2923351158645278
2023-03-29,600893,44.2,44.28,43.2,43.5,154649,673559040.0,-0.8,-1.805869074492099
2023-03-30,600893,43.48,43.79,43.04,43.55,100175,435098592.0,0.05,0.1149425287356321
2023-03-31,600893,43.4,43.4,42.8,43.15,140079,602899392.0,-0.4,-0.9184845005740528
2023-04-03,600893,43.16,43.72,42.9,43.65,156658,677875648.0,0.5,1.1587485515643106
2023-04-04,600893,43.54,43.54,42.6,42.9,165185,709107328.0,-0.75,-1.718213058419244
2023-04-06,600893,42.88,43.86,42.5,43.74,156976,680066112.0,0.84,1.958041958041958
2023-04-07,600893,43.66,44.04,43.5,43.69,96729,423391008.0,-0.05,-0.1143118427069044
2023-04-10,600893,43.99,44.51,43.63,43.7,120580,531533952.0,0.01,0.0228885328450446
2023-04-11,600893,43.76,43.76,43.09,43.2,81423,352298464.0,-0.5,-1.1441647597254003
2023-04-12,600893,43.22,43.36,42.8,42.97,81814,352132288.0,-0.23,-0.5324074074074074
2023-04-13,600893,43.01,43.5,42.7,43.05,80311,345781632.0,0.08,0.1861764021410286
2023-04-14,600893,43.03,43.13,42.7,43.09,70766,303810816.0,0.04,0.0929152148664343
2023-04-17,600893,43.1,43.48,42.89,43.45,87307,377352768.0,0.36,0.8354606637270828
2023-04-18,600893,43.45,43.58,42.87,43.39,105487,455762400.0,-0.06,-0.1380897583429229
2023-04-19,600893,43.2,43.28,42.59,42.8,108954,466318464.0,-0.59,-1.3597603134362757
2023-04-20,600893,42.8,43.43,42.1,43.07,159777,682126656.0,0.27,0.6308411214953271
2023-04-21,600893,43.06,44.99,42.98,43.67,313438,1385813760.0,0.6,1.3930810308799628
2023-04-24,600893,43.75,44.03,42.2,43.2,175056,757330944.0,-0.47,-1.0762537210899932
2023-04-25,600893,43.07,43.77,42.02,42.3,148860,636933312.0,-0.9,-2.083333333333333
2023-04-26,600893,42.0,43.88,41.81,43.18,155100,673228736.0,0.88,2.0803782505910164
2023-04-27,600893,43.03,44.18,43.02,44.06,158251,694126848.0,0.88,2.0379805465493286
2023-04-28,600893,44.23,44.23,43.46,43.76,108521,474788160.0,-0.3,-0.6808896958692692
2023-05-04,600893,43.62,43.68,42.55,42.88,149360,642060352.0,-0.88,-2.010968921389397
2023-05-05,600893,42.97,42.97,41.99,42.16,113552,480960928.0,-0.72,-1.6791044776119404
2023-05-08,600893,42.18,43.25,42.18,43.1,165774,711163456.0,0.94,2.2296015180265654
2023-05-09,600893,43.18,44.65,42.95,43.14,238638,1048749952.0,0.04,0.0928074245939675
2023-05-10,600893,43.0,43.2,42.41,42.61,127970,546547264.0,-0.53,-1.2285581826611034
2023-05-11,600893,42.69,42.73,42.13,42.25,80727,341691264.0,-0.36,-0.8448720957521709
2023-05-12,600893,42.27,42.38,40.9,41.25,193187,799552512.0,-1.0,-2.366863905325444
2023-05-15,600893,41.1,42.56,41.01,42.5,130803,547965376.0,1.25,3.0303030303030303
2023-05-16,600893,42.5,42.51,41.95,42.11,61757,260793952.0,-0.39,-0.9176470588235296
2023-05-17,600893,42.07,42.93,41.92,42.57,123720,525753632.0,0.46,1.092377107575398
2023-05-18,600893,42.5,42.5,41.7,41.9,103930,436012960.0,-0.67,-1.5738783180643643
2023-05-19,600893,41.88,42.33,41.53,42.05,96578,406721664.0,0.15,0.3579952267303102
2023-05-22,600893,41.9,42.08,41.6,41.8,63411,265129184.0,-0.25,-0.5945303210463734
2023-05-23,600893,41.82,41.86,41.1,41.1,71497,295547776.0,-0.7,-1.674641148325359
2023-05-24,600893,41.1,41.1,40.2,40.2,108997,442844576.0,-0.9,-2.18978102189781
2023-05-25,600893,40.2,41.15,39.81,40.89,130832,530822816.0,0.69,1.7164179104477613
2023-05-26,600893,40.99,41.32,39.99,40.43,139986,565436352.0,-0.46,-1.1249694301785278
2023-05-29,600893,40.81,41.38,40.13,40.3,97880,398206464.0,-0.13,-0.3215434083601286
2023-05-30,600893,39.93,40.35,39.05,39.68,141519,560472256.0,-0.62,-1.5384615384615383
2023-05-31,600893,39.72,40.45,39.69,39.75,87956,351853632.0,0.07,0.1764112903225806
2023-06-01,600893,39.61,40.79,39.54,40.35,100992,407110176.0,0.6,1.509433962264151
2023-06-02,600893,40.34,41.17,40.23,40.84,126288,515476576.0,0.49,1.214374225526642
2023-06-05,600893,41.09,41.1,39.82,39.92,125614,505364864.0,-0.92,-2.252693437806073
2023-06-06,600893,39.92,40.06,39.45,39.66,88806,353468896.0,-0.26,-0.6513026052104208
2023-06-07,600893,39.56,39.66,39.06,39.58,94442,371281280.0,-0.08,-0.2017145738779627
2023-06-08,600893,39.4,39.77,39.19,39.53,67379,265656752.0,-0.05,-0.1263264274886306
2023-06-09,600893,39.55,40.31,39.03,40.19,125546,496842304.0,0.66,1.6696180116367316
2023-06-12,600893,40.0,40.0,39.33,39.41,89667,355213280.0,-0.78,-1.9407812888778304
2023-06-13,600893,39.39,39.57,39.11,39.48,75113,295219168.0,0.07,0.1776198934280639
2023-06-14,600893,39.5,39.65,39.2,39.23,61572,242350800.0,-0.25,-0.6332320162107395
2023-06-15,600893,39.3,40.0,39.1,39.9,107667,426059200.0,0.67,1.707876625031863
2023-06-16,600893,39.85,41.12,39.75,40.79,198974,807734848.0,0.89,2.2305764411027567
2023-06-19,600893,40.78,41.11,39.98,40.1,156812,633151360.0,-0.69,-1.6915910762441777
2023-06-20,600893,40.15,41.3,39.95,41.18,215512,880273408.0,1.08,2.693266832917706
2023-06-21,600893,41.0,41.26,40.41,40.52,144404,590616512.0,-0.66,-1.6027197668771247
2023-06-26,600893,40.51,40.94,40.2,40.4,105881,429622432.0,-0.12,-0.2961500493583415
2023-06-27,600893,40.44,41.22,40.2,40.83,126421,515280064.0,0.43,1.0643564356435644
2023-06-28,600893,40.86,41.72,40.5,41.34,162845,671570880.0,0.51,1.2490815576781775
2023-06-29,600893,41.27,41.75,41.08,41.12,165649,684821248.0,-0.22,-0.5321722302854378
2023-06-30,600893,41.15,42.88,41.15,42.26,282597,1194323072.0,1.14,2.772373540856031
2023-07-03,600893,42.66,43.4,42.26,42.84,249403,1071175744.0,0.58,1.372456223379082
2023-07-04,600893,42.75,43.14,42.57,42.91,164113,704171648.0,0.07,0.1633986928104575
2023-07-05,600893,42.88,43.0,42.39,42.56,106118,453242752.0,-0.35,-0.8156606851549755
2023-07-06,600893,42.6,42.85,42.05,42.27,105638,447621696.0,-0.29,-0.681390977443609
2023-07-07,600893,42.38,42.49,41.73,41.78,112535,472478080.0,-0.49,-1.159214572983203
2023-07-10,600893,42.0,42.39,41.62,42.05,88894,373137568.0,0.27,0.646242221158449
2023-07-11,600893,42.08,42.48,41.97,42.39,69421,293796416.0,0.34,0.8085612366230679
2023-07-12,600893,42.43,42.46,41.41,41.52,86637,362303904.0,-0.87,-2.0523708421797595
2023-07-13,600893,41.52,41.86,41.52,41.77,64402,268590688.0,0.25,0.6021194605009634
2023-07-14,600893,41.76,41.96,41.45,41.5,75860,316060928.0,-0.27,-0.6463969355997127
2023-07-17,600893,41.35,41.76,41.09,41.26,51720,213570032.0,-0.24,-0.5783132530120482
2023-07-18,600893,41.18,41.75,41.05,41.46,55048,228457376.0,0.2,0.4847309743092583
2023-07-19,600893,41.32,41.61,41.15,41.48,55445,229378912.0,0.02,0.0482392667631452
2023-07-20,600893,41.5,41.79,40.41,40.58,96072,393555296.0,-0.9,-2.1697203471552555
2023-07-21,600893,40.48,40.71,40.1,40.34,69503,280992448.0,-0.24,-0.5914243469689502
2023-07-24,600893,40.34,40.81,40.03,40.27,73580,297527008.0,-0.07,-0.1735250371839365
2023-07-25,600893,40.55,40.65,40.11,40.58,79605,321684064.0,0.31,0.7698038241867395
2023-07-26,600893,40.53,40.66,40.31,40.45,53419,216220032.0,-0.13,-0.3203548546081813
2023-07-27,600893,40.63,41.06,40.2,40.27,88007,356989408.0,-0.18,-0.4449938195302843
2023-07-28,600893,40.12,40.71,39.72,40.56,108605,437712384.0,0.29,0.7201390613359822
2023-07-31,600893,40.56,40.94,40.18,40.44,137488,557069696.0,-0.12,-0.2958579881656805
2023-08-01,600893,40.48,40.99,40.45,40.6,106319,432946944.0,0.16,0.3956478733926805
2023-08-02,600893,40.42,40.7,39.79,39.85,123267,493415488.0,-0.75,-1.8472906403940887
2023-08-03,600893,39.83,40.0,39.72,39.89,86140,343558080.0,0.04,0.1003764115432873
2023-08-04,600893,40.13,40.44,39.8,40.0,74380,297816192.0,0.11,0.2757583354224116
2023-08-07,600893,40.0,40.04,39.7,39.93,78225,311635040.0,-0.07,-0.175
2023-08-08,600893,39.92,40.15,39.4,40.02,87015,346428000.0,0.09,0.2253944402704733
2023-08-09,600893,39.9,40.19,39.82,40.18,81284,325631072.0,0.16,0.3998000999500249
2023-08-10,600893,40.18,40.54,39.79,39.91,76596,307066656.0,-0.27,-0.6719761075161772
2023-08-11,600893,39.9,39.99,39.13,39.18,77936,307900320.0,-0.73,-1.829115509897269
2023-08-14,600893,38.91,39.55,38.91,39.53,69984,274690240.0,0.35,0.8933129147524248
2023-08-15,600893,39.4,39.62,38.62,38.8,88387,344822464.0,-0.73,-1.846698709840628
2023-08-16,600893,38.79,38.87,38.03,38.08,78807,302574368.0,-0.72,-1.855670103092784
2023-08-17,600893,38.02,39.98,37.75,39.81,213234,836578624.0,1.73,4.543067226890756
2023-08-18,600893,39.6,40.19,39.4,39.55,96007,382530880.0,-0.26,-0.6531022356191912
2023-08-21,600893,39.68,39.84,38.62,38.7,69964,274300896.0,-0.85,-2.149178255372945
2023-08-22,600893,38.75,39.77,38.6,39.5,101233,396974560.0,0.8,2.0671834625323
2023-08-23,600893,39.3,39.51,38.22,38.24,95931,371722688.0,-1.26,-3.189873417721519
2023-08-24,600893,38.26,38.88,37.83,38.42,70713,271757472.0,0.18,0.4707112970711297
2023-08-25,600893,38.25,38.85,37.52,37.75,88986,338674528.0,-0.67,-1.743883394065591
2023-08-28,600893,39.99,40.09,37.67,37.8,137811,532432064.0,0.05,0.1324503311258278
2023-08-29,600893,37.8,39.2,37.8,38.8,112367,434300032.0,1.0,2.6455026455026456
2023-08-30,600893,38.81,39.45,38.81,39.26,133335,522874656.0,0.46,1.1855670103092784
2023-08-31,600893,39.32,39.5,38.97,39.24,82378,323227648.0,-0.02,-0.0509424350483953
2023-09-01,600893,39.32,39.35,38.78,38.91,69548,271241568.0,-0.33,-0.8409785932721712
2023-09-04,600893,39.14,39.85,39.14,39.63,90932,359787520.0,0.72,1.8504240555127216
2023-09-05,600893,39.6,39.84,39.41,39.57,59634,236398704.0,-0.06,-0.1514004542013626
2023-09-06,600893,39.57,40.15,39.2,39.93,101326,403206208.0,0.36,0.9097801364670204
2023-09-07,600893,39.79,39.96,39.39,39.4,83584,331228448.0,-0.53,-1.3273228149261207
2023-09-08,600893,39.4,40.13,39.36,39.76,97532,388385632.0,0.36,0.9137055837563453
2023-09-11,600893,39.76,39.8,38.9,39.05,132645,519718752.0,-0.71,-1.7857142857142856
2023-09-12,600893,39.07,39.09,38.52,38.94,75969,295040288.0,-0.11,-0.2816901408450704
2023-09-13,600893,38.81,38.92,38.16,38.53,80184,308254560.0,-0.41,-1.0529019003595277
2023-09-14,600893,38.5,38.76,38.35,38.51,55372,213432976.0,-0.02,-0.0519076044640539
2023-09-15,600893,38.6,38.67,38.18,38.34,65503,251154240.0,-0.17,-0.4414437808361465
2023-09-18,600893,38.26,38.42,37.93,38.0,65094,248330640.0,-0.34,-0.8868022952529996
2023-09-19,600893,37.97,38.1,37.53,37.59,79363,299180768.0,-0.41,-1.0789473684210529
2023-09-20,600893,37.51,37.67,36.7,36.71,119207,441129568.0,-0.88,-2.341048151104017
2023-09-21,600893,36.78,37.26,36.5,36.51,102033,375163744.0,-0.2,-0.5448106782892944
2023-09-22,600893,36.42,37.3,36.4,37.14,97585,360005280.0,0.63,1.725554642563681
2023-09-25,600893,37.09,37.31,36.66,36.72,72754,268591584.0,-0.42,-1.1308562197092082
2023-09-26,600893,36.7,36.78,36.45,36.51,46643,170561904.0,-0.21,-0.5718954248366013
2023-09-27,600893,36.49,36.98,36.47,36.58,54580,200075952.0,0.07,0.1917282936181868
2023-09-28,600893,36.74,37.2,36.5,37.15,86670,319795424.0,0.57,1.558228540185894
2023-10-09,600893,37.21,37.47,36.73,37.23,94658,352017952.0,0.08,0.215343203230148
2023-10-10,600893,37.24,37.56,36.94,37.14,61388,228275696.0,-0.09,-0.24174053182917
2023-10-11,600893,37.21,37.21,36.23,36.46,121084,444464224.0,-0.68,-1.830910070005385
2023-10-12,600893,36.55,36.95,36.55,36.92,73086,268730688.0,0.46,1.2616566099835436
2023-10-13,600893,36.8,36.8,35.89,36.1,93975,340103168.0,-0.82,-2.221018418201517
2023-10-16,600893,36.16,36.33,35.7,35.82,77251,277805952.0,-0.28,-0.775623268698061
2023-10-17,600893,35.75,35.95,35.28,35.9,70968,252394032.0,0.08,0.2233389168062535
2023-10-18,600893,35.72,35.87,35.15,35.19,66448,235158464.0,-0.71,-1.977715877437326
2023-10-19,600893,35.05,35.39,34.42,34.49,107704,375490688.0,-0.7,-1.9892014776925264
2023-10-20,600893,34.36,34.67,34.07,34.28,102308,351141504.0,-0.21,-0.6088721368512612
2023-10-23,600893,34.27,34.74,33.94,34.25,99280,340620320.0,-0.03,-0.087514585764294
2023-10-24,600893,34.3,34.55,33.82,34.37,79162,270823168.0,0.12,0.3503649635036496
2023-10-25,600893,34.56,35.25,34.5,35.02,95115,332610304.0,0.65,1.8911841722432352
2023-10-26,600893,34.87,35.31,34.63,35.28,59003,206355072.0,0.26,0.7424328954882925
2023-10-27,600893,35.25,35.66,34.95,35.43,77586,274557280.0,0.15,0.4251700680272109
2023-10-30,600893,35.15,35.5,35.03,35.24,93416,328908096.0,-0.19,-0.5362686988427886
2023-10-31,600893,35.23,35.49,35.1,35.35,66795,235697456.0,0.11,0.3121452894438138
2023-11-01,600893,35.39,35.45,35.0,35.02,78057,274346304.0,-0.33,-0.9335219236209336
2023-11-02,600893,35.07,35.26,34.62,34.66,74462,259101472.0,-0.36,-1.0279840091376355
2023-11-03,600893,34.7,35.22,34.66,35.17,65369,228813584.0,0.51,1.4714368147720716
2023-11-06,600893,35.3,35.88,35.19,35.69,117371,417946944.0,0.52,1.4785328404890532
2023-11-07,600893,35.61,35.94,35.43,35.83,86428,308907424.0,0.14,0.3922667413841412
2023-11-08,600893,35.83,36.68,35.75,35.98,105585,381240064.0,0.15,0.4186435947530003
2023-11-09,600893,35.91,36.07,35.67,36.0,61228,219832096.0,0.02,0.0555864369093941
2023-11-10,600893,35.81,36.21,35.68,36.11,62844,225970080.0,0.11,0.3055555555555556
2023-11-13,600893,36.18,37.4,35.89,37.31,179995,664412416.0,1.2,3.3231791747438386
2023-11-14,600893,37.28,37.75,37.1,37.59,134925,505213952.0,0.28,0.7504690431519699
2023-11-15,600893,37.65,37.76,37.07,37.37,82522,307883776.0,-0.22,-0.5852620377760043
2023-11-16,600893,37.3,37.84,37.22,37.25,80446,301451840.0,-0.12,-0.3211131924003211
2023-11-17,600893,37.18,37.34,36.85,37.17,72989,270728832.0,-0.08,-0.2147651006711409
2023-11-20,600893,37.15,37.69,37.02,37.53,61058,228340992.0,0.36,0.9685230024213076
2023-11-21,600893,37.59,37.68,37.21,37.29,57767,216156192.0,-0.24,-0.6394884092725819
2023-11-22,600893,37.3,37.44,36.93,36.94,43879,162732672.0,-0.35,-0.9385894341646552
2023-11-23,600893,36.82,37.07,36.63,36.81,51821,190919984.0,-0.13,-0.3519220357336221
2023-11-24,600893,36.81,36.88,36.17,36.27,58684,213632608.0,-0.54,-1.466992665036675
2023-11-27,600893,36.27,36.46,35.98,36.2,70420,254635296.0,-0.07,-0.1929969671905155
2023-11-28,600893,36.2,36.4,35.95,36.17,43106,155892496.0,-0.03,-0.0828729281767955
2023-11-29,600893,36.15,36.56,35.88,36.14,85942,311268032.0,-0.03,-0.0829416643627315
2023-11-30,600893,36.1,36.38,35.63,35.96,72272,259682624.0,-0.18,-0.4980630879911455
2023-12-01,600893,35.71,36.31,35.71,36.19,64732,233320448.0,0.23,0.6395995550611792
2023-12-04,600893,36.31,36.8,36.22,36.44,82237,300607328.0,0.25,0.6907985631389887
2023-12-05,600893,36.53,36.53,35.38,35.42,89626,320620160.0,-1.02,-2.7991218441273324
2023-12-06,600893,35.31,35.86,35.3,35.44,77353,275296608.0,0.02,0.0564652738565782
2023-12-07,600893,35.4,35.52,34.85,35.05,76823,269279552.0,-0.39,-1.100451467268623
2023-12-08,600893,35.06,35.21,34.56,34.8,106305,371519008.0,-0.25,-0.7132667617689016
2023-12-11,600893,34.9,35.91,34.63,35.82,111429,392065024.0,1.02,2.931034482758621
2023-12-12,600893,35.64,36.34,35.52,35.8,63867,228866208.0,-0.02,-0.0558347292015633
2023-12-13,600893,35.69,36.2,35.57,35.57,60737,217537568.0,-0.23,-0.6424581005586593
2023-12-14,600893,35.66,35.8,35.08,35.2,64209,226919280.0,-0.37,-1.0402024177677818
2023-12-15,600893,35.0,35.29,34.6,34.61,67975,236999504.0,-0.59,-1.6761363636363638
2023-12-18,600893,34.5,34.6,33.88,33.95,73742,251983408.0,-0.66,-1.9069633054030624
2023-12-19,600893,34.0,34.21,33.72,33.96,53365,181189360.0,0.01,0.0294550810014727
2023-12-20,600893,33.96,34.06,32.87,32.89,79857,266200848.0,-1.07,-3.1507656065959955
2023-12-21,600893,32.73,33.26,32.41,33.24,78696,259479936.0,0.35,1.0641532380662817
2023-12-22,600893,33.27,35.23,33.16,34.81,212285,732488768.0,1.57,4.723225030084236
2023-12-25,600893,34.8,36.33,34.79,36.19,202263,727476288.0,1.38,3.964378052283826
2023-12-26,600893,36.18,36.66,35.19,36.3,194642,700076672.0,0.11,0.303951367781155
2023-12-27,600893,36.19,36.55,35.88,36.36,102752,372446496.0,0.06,0.1652892561983471
2023-12-28,600893,36.5,37.26,36.35,36.84,151008,556066368.0,0.48,1.32013201320132
2023-12-29,600893,36.95,37.56,36.76,37.38,132020,491664608.0,0.54,1.4657980456026058
